<?xml version = '1.0' encoding = 'UTF-8'?>
<Entity class="oracle.dbtools.crest.model.design.logical.Entity" directorySegmentName="seg_0" id="3D301162-A20F-3C43-8B3E-0A72E9659D94" name="TICKET">
<createdBy>Usuario</createdBy>
<createdTime>2025-11-21 16:05:56 UTC</createdTime>
<generatorID>3BA7EAA4-FC5D-D694-05AE-4700949DC0AD</generatorID>
<ownerDesignName>TrabajoCudecaER</ownerDesignName>
<engineerTo>
<item key="79962930-823B-D1F3-840D-B2CF069E04A3" value="true"/>
</engineerTo>
<adequatelyNormalized>NO</adequatelyNormalized>
<expectedVolumes>0</expectedVolumes>
<fwdEngineeringStrategyName>Single Table</fwdEngineeringStrategyName>
<growthPercent>0</growthPercent>
<growthType>Year</growthType>
<maxVolumes>9999999</maxVolumes>
<minVolumes>0</minVolumes>
<normalForm>Third</normalForm>
<subtypesRefType>Arc implementation</subtypesRefType>
<generateDiscrimColumn>true</generateDiscrimColumn>
<discriminatorAttributeID>7B0F5CE0-EBCF-C8DF-6620-571864D065F9</discriminatorAttributeID>
<discriminatorColumnName>ARC_TIPO_TICKET</discriminatorColumnName>
<attributes itemClass="oracle.dbtools.crest.model.design.logical.Attribute">
<Attribute name="ID_TICKET" id="BAF773A4-9D0B-6E7A-C369-2D1C816083FA">
<createdBy>Usuario</createdBy>
<createdTime>2025-11-21 16:05:56 UTC</createdTime>
<generatorID>8E2EFE81-50B4-AC4B-D14C-5F7E8D18012C</generatorID>
<ownerDesignName>TrabajoCudecaER</ownerDesignName>
<engineerTo>
<item key="79962930-823B-D1F3-840D-B2CF069E04A3" value="true"/>
</engineerTo>
<useDomainConstraints>false</useDomainConstraints>
<use>1</use>
<logicalDatatype>LOGDT019</logicalDatatype>
<dataTypePrecision>10</dataTypePrecision>
<ownDataTypeParameters>,10,</ownDataTypeParameters>
</Attribute>
<Attribute name="INFORMACION" id="BB930B9B-94A1-D25F-DC67-4F0BF4C8FCA1">
<createdBy>Usuario</createdBy>
<createdTime>2025-11-21 16:59:30 UTC</createdTime>
<ownerDesignName>TrabajoCudecaER</ownerDesignName>
<engineerTo>
<item key="79962930-823B-D1F3-840D-B2CF069E04A3" value="true"/>
</engineerTo>
<nullsAllowed>true</nullsAllowed>
<useDomainConstraints>false</useDomainConstraints>
<use>1</use>
<logicalDatatype>LOGDT024</logicalDatatype>
<dataTypeSize>300 BYTE</dataTypeSize>
<ownDataTypeParameters>300 BYTE,,</ownDataTypeParameters>
</Attribute>
<Attribute name="NOMINATIVO" id="E9068826-9069-EDE0-B6B0-F99393A89279">
<createdBy>Usuario</createdBy>
<createdTime>2025-11-21 16:05:56 UTC</createdTime>
<generatorID>7E690E7B-9299-C479-C97D-8B4221B9F853</generatorID>
<ownerDesignName>TrabajoCudecaER</ownerDesignName>
<engineerTo>
<item key="79962930-823B-D1F3-840D-B2CF069E04A3" value="true"/>
</engineerTo>
<useDomainConstraints>false</useDomainConstraints>
<use>1</use>
<logicalDatatype>LOGDT024</logicalDatatype>
<dataTypeSize>1 BYTE</dataTypeSize>
<ownDataTypeParameters>1 BYTE,,</ownDataTypeParameters>
</Attribute>
<Attribute name="ESTADO" id="A7A06896-F2B4-0967-AF27-88C2DBC08FDC">
<createdBy>Usuario</createdBy>
<createdTime>2025-11-21 16:05:56 UTC</createdTime>
<generatorID>4826230F-52FE-043A-C39B-9998A3E0D96B</generatorID>
<ownerDesignName>TrabajoCudecaER</ownerDesignName>
<engineerTo>
<item key="79962930-823B-D1F3-840D-B2CF069E04A3" value="true"/>
</engineerTo>
<useDomainConstraints>false</useDomainConstraints>
<use>1</use>
<logicalDatatype>LOGDT025</logicalDatatype>
<dataTypeSize>1 BYTE</dataTypeSize>
<ownDataTypeParameters>1 BYTE,,</ownDataTypeParameters>
</Attribute>
<Attribute name="CODIGO_QR" id="8F2401B5-A1B5-00D6-03FC-FF5A15F4AFBE">
<createdBy>Usuario</createdBy>
<createdTime>2025-11-21 16:05:56 UTC</createdTime>
<generatorID>3BB020DB-BFA2-16DA-A4E9-EA75409D9128</generatorID>
<ownerDesignName>TrabajoCudecaER</ownerDesignName>
<engineerTo>
<item key="79962930-823B-D1F3-840D-B2CF069E04A3" value="true"/>
</engineerTo>
<useDomainConstraints>false</useDomainConstraints>
<use>1</use>
<logicalDatatype>LOGDT024</logicalDatatype>
<dataTypeSize>300 BYTE</dataTypeSize>
<ownDataTypeParameters>300 BYTE,,</ownDataTypeParameters>
</Attribute>
<Attribute name="ID_EVENTO" id="6864CF88-504E-4998-07E4-484813549FD3">
<createdBy>Usuario</createdBy>
<createdTime>2025-11-21 16:05:56 UTC</createdTime>
<generatorID>A249E255-BC3B-9907-6F09-883D4CDC2D37</generatorID>
<ownerDesignName>TrabajoCudecaER</ownerDesignName>
<engineerTo>
<item key="79962930-823B-D1F3-840D-B2CF069E04A3" value="true"/>
</engineerTo>
<referedAttribute>CACBE35A-EACD-1881-85DB-44B67ABD08F3</referedAttribute>
<useDomainConstraints>false</useDomainConstraints>
<use>1</use>
<logicalDatatype>LOGDT019</logicalDatatype>
<dataTypePrecision>10</dataTypePrecision>
<ownDataTypeParameters>,,</ownDataTypeParameters>
</Attribute>
<Attribute name="ID_VENTA" id="3353846A-7348-73AF-435D-2F688EDA3673">
<createdBy>Usuario</createdBy>
<createdTime>2025-11-21 17:07:34 UTC</createdTime>
<generatorID>FAD3E2BF-FDBD-A862-C6C3-8A1AADAFFCE5</generatorID>
<ownerDesignName>TrabajoCudecaER</ownerDesignName>
<engineerTo>
<item key="79962930-823B-D1F3-840D-B2CF069E04A3" value="true"/>
</engineerTo>
<referedAttribute>BED104D3-5143-36F9-D371-7CA9F95D90AD</referedAttribute>
<useDomainConstraints>false</useDomainConstraints>
<use>1</use>
<logicalDatatype>LOGDT019</logicalDatatype>
<dataTypePrecision>10</dataTypePrecision>
<ownDataTypeParameters>,,</ownDataTypeParameters>
</Attribute>
<Attribute name="ASIGNACION" id="7A00A141-E611-60F8-27B6-66919086DFE1">
<createdBy>Usuario</createdBy>
<createdTime>2025-11-21 19:44:30 UTC</createdTime>
<ownerDesignName>TrabajoCudecaER</ownerDesignName>
<engineerTo>
<item key="79962930-823B-D1F3-840D-B2CF069E04A3" value="true"/>
</engineerTo>
<nullsAllowed>true</nullsAllowed>
<useDomainConstraints>false</useDomainConstraints>
<use>1</use>
<logicalDatatype>LOGDT024</logicalDatatype>
<dataTypeSize>30 BYTE</dataTypeSize>
<ownDataTypeParameters>30 BYTE,,</ownDataTypeParameters>
</Attribute>
<Attribute name="TIPO_TICKET" id="7B0F5CE0-EBCF-C8DF-6620-571864D065F9">
<createdBy>marco</createdBy>
<createdTime>2025-12-20 17:00:56 UTC</createdTime>
<ownerDesignName>TrabajoCudecaER</ownerDesignName>
<engineerTo>
<item key="79962930-823B-D1F3-840D-B2CF069E04A3" value="true"/>
</engineerTo>
<constraintName>CHK_TIPO_TICKET</constraintName>
<nullsAllowed>true</nullsAllowed>
<useDomainConstraints>false</useDomainConstraints>
<use>1</use>
<logicalDatatype>LOGDT025</logicalDatatype>
<dataTypeSize>1 BYTE</dataTypeSize>
<listOfValues>
<valueDef value="G" description=""/>
<valueDef value="V" description=""/>
</listOfValues>
<ownDataTypeParameters>1 BYTE,,</ownDataTypeParameters>
</Attribute>
</attributes>
<identifiers itemClass="oracle.dbtools.crest.model.design.logical.CandidateKey">
<identifier id="E6D0034D-2025-B502-92E7-D4037E89D7D6" name="TICKET PK">
<createdBy>Usuario</createdBy>
<createdTime>2025-11-21 16:05:56 UTC</createdTime>
<generatorID>FBA9ECFE-E0BB-B651-8B76-CF232998B41E</generatorID>
<ownerDesignName>TrabajoCudecaER</ownerDesignName>
<shouldEngineer>false</shouldEngineer>
<engineerTo>
<item key="79962930-823B-D1F3-840D-B2CF069E04A3" value="false"/>
</engineerTo>
<pk>true</pk>
<usedAttributes>
<attributeRef>BAF773A4-9D0B-6E7A-C369-2D1C816083FA</attributeRef>
</usedAttributes>
</identifier>
<identifier id="0107FD0C-E958-859C-DF6C-1711B9C658F9" name="QR_UK">
<createdBy>Usuario</createdBy>
<createdTime>2025-11-21 17:00:30 UTC</createdTime>
<ownerDesignName>TrabajoCudecaER</ownerDesignName>
<shouldEngineer>false</shouldEngineer>
<engineerTo>
<item key="79962930-823B-D1F3-840D-B2CF069E04A3" value="false"/>
</engineerTo>
<newElementsIDs>8F2401B5-A1B5-00D6-03FC-FF5A15F4AFBE</newElementsIDs>
<usedAttributes>
<attributeRef>8F2401B5-A1B5-00D6-03FC-FF5A15F4AFBE</attributeRef>
</usedAttributes>
</identifier>
</identifiers>
</Entity>