<?xml version = '1.0' encoding = 'UTF-8'?>
<Entity class="oracle.dbtools.crest.model.design.logical.Entity" directorySegmentName="seg_0" id="4BF9F640-3F75-EEF7-7A5E-9CD6AA6CD5D1" name="SOCIO">
<createdBy>Usuario</createdBy>
<createdTime>2025-11-21 16:05:56 UTC</createdTime>
<generatorID>00FBDA8B-EDBC-9398-948F-90F01AE4950D</generatorID>
<ownerDesignName>TrabajoCudecaER</ownerDesignName>
<engineerTo>
<item key="79962930-823B-D1F3-840D-B2CF069E04A3" value="true"/>
</engineerTo>
<adequatelyNormalized>NO</adequatelyNormalized>
<expectedVolumes>0</expectedVolumes>
<fwdEngineeringStrategyName>Single Table</fwdEngineeringStrategyName>
<growthPercent>0</growthPercent>
<growthType>Year</growthType>
<hierarchicalParent>96036FEF-D156-374F-1FAB-896118B89F74</hierarchicalParent>
<maxVolumes>9999999</maxVolumes>
<minVolumes>0</minVolumes>
<normalForm>Third</normalForm>
<attributes itemClass="oracle.dbtools.crest.model.design.logical.Attribute">
<Attribute name="ID_SOCIO" id="F8CA50C7-A0C4-1D2E-6B21-7A3458446971">
<createdBy>marco</createdBy>
<createdTime>2025-11-21 20:45:54 UTC</createdTime>
<ownerDesignName>TrabajoCudecaER</ownerDesignName>
<engineerTo>
<item key="79962930-823B-D1F3-840D-B2CF069E04A3" value="true"/>
</engineerTo>
<useDomainConstraints>false</useDomainConstraints>
<use>1</use>
<logicalDatatype>LOGDT019</logicalDatatype>
<dataTypePrecision>10</dataTypePrecision>
<ownDataTypeParameters>,10,</ownDataTypeParameters>
</Attribute>
<Attribute name="CUOTA_MENSUAL" id="194331B2-6C7F-9B6D-39BA-E35ED2E8428A">
<createdBy>Usuario</createdBy>
<createdTime>2025-11-21 16:05:56 UTC</createdTime>
<generatorID>0E08BE4A-1553-6514-1806-DC769A209717</generatorID>
<ownerDesignName>TrabajoCudecaER</ownerDesignName>
<engineerTo>
<item key="79962930-823B-D1F3-840D-B2CF069E04A3" value="true"/>
</engineerTo>
<useDomainConstraints>false</useDomainConstraints>
<use>1</use>
<logicalDatatype>LOGDT019</logicalDatatype>
<dataTypePrecision>10</dataTypePrecision>
<dataTypeScale>2</dataTypeScale>
<ownDataTypeParameters>,10,2</ownDataTypeParameters>
</Attribute>
<Attribute name="FECHA_ALTA" id="6CAC64BF-7657-3B45-B997-ECFFF338963B">
<createdBy>Usuario</createdBy>
<createdTime>2025-11-21 16:05:56 UTC</createdTime>
<generatorID>6BA06277-784A-88AC-01C4-A24ED542F539</generatorID>
<ownerDesignName>TrabajoCudecaER</ownerDesignName>
<engineerTo>
<item key="79962930-823B-D1F3-840D-B2CF069E04A3" value="true"/>
</engineerTo>
<useDomainConstraints>false</useDomainConstraints>
<use>1</use>
<logicalDatatype>LOGDT007</logicalDatatype>
<ownDataTypeParameters>,,</ownDataTypeParameters>
</Attribute>
</attributes>
<identifiers itemClass="oracle.dbtools.crest.model.design.logical.CandidateKey">
<identifier id="88AF5C7C-BA0B-1FDB-4138-2C1074AD8209" name="SOCIO PK">
<createdBy>Usuario</createdBy>
<createdTime>2025-11-21 16:05:56 UTC</createdTime>
<generatorID>1B7AC773-4165-D53E-22A8-168BFB7F9602</generatorID>
<ownerDesignName>TrabajoCudecaER</ownerDesignName>
<engineerTo>
<item key="79962930-823B-D1F3-840D-B2CF069E04A3" value="true"/>
</engineerTo>
<pk>true</pk>
<usedAttributes>
<attributeRef>F8CA50C7-A0C4-1D2E-6B21-7A3458446971</attributeRef>
</usedAttributes>
</identifier>
</identifiers>
</Entity>