<?xml version = '1.0' encoding = 'UTF-8'?>
<Entity class="oracle.dbtools.crest.model.design.logical.Entity" directorySegmentName="seg_0" id="62CF9679-3079-8AB1-11E8-BBCD5FBC4FB7" name="RECAUDACION">
<createdBy>Usuario</createdBy>
<createdTime>2025-11-21 19:25:49 UTC</createdTime>
<ownerDesignName>TrabajoCudecaER</ownerDesignName>
<engineerTo>
<item key="79962930-823B-D1F3-840D-B2CF069E04A3" value="true"/>
</engineerTo>
<adequatelyNormalized>NO</adequatelyNormalized>
<expectedVolumes>0</expectedVolumes>
<fwdEngineeringStrategyName>Single Table</fwdEngineeringStrategyName>
<growthPercent>0</growthPercent>
<growthType>Year</growthType>
<maxVolumes>9999999</maxVolumes>
<minVolumes>0</minVolumes>
<normalForm>Third</normalForm>
<attributes itemClass="oracle.dbtools.crest.model.design.logical.Attribute">
<Attribute name="ID_RECAUDACION" id="84D92342-F374-A0C9-B1D1-DB0518F00A9D">
<createdBy>Usuario</createdBy>
<createdTime>2025-11-21 19:27:31 UTC</createdTime>
<ownerDesignName>TrabajoCudecaER</ownerDesignName>
<engineerTo>
<item key="79962930-823B-D1F3-840D-B2CF069E04A3" value="true"/>
</engineerTo>
<useDomainConstraints>false</useDomainConstraints>
<use>1</use>
<logicalDatatype>LOGDT019</logicalDatatype>
<dataTypePrecision>10</dataTypePrecision>
<ownDataTypeParameters>,10,</ownDataTypeParameters>
</Attribute>
<Attribute name="OBJETIVO_RECAUDACION" id="CDDB3544-713A-FD39-7A07-4414726CF37B">
<createdBy>Usuario</createdBy>
<createdTime>2025-11-21 19:26:39 UTC</createdTime>
<ownerDesignName>TrabajoCudecaER</ownerDesignName>
<engineerTo>
<item key="79962930-823B-D1F3-840D-B2CF069E04A3" value="true"/>
</engineerTo>
<useDomainConstraints>false</useDomainConstraints>
<use>1</use>
<logicalDatatype>LOGDT019</logicalDatatype>
<dataTypePrecision>10</dataTypePrecision>
<dataTypeScale>2</dataTypeScale>
<ownDataTypeParameters>,10,2</ownDataTypeParameters>
</Attribute>
<Attribute name="TOTAL_RECAUDADO" id="A54FAF9B-8AC0-7B99-307A-CED00D0B8730">
<createdBy>Usuario</createdBy>
<createdTime>2025-11-21 19:27:10 UTC</createdTime>
<ownerDesignName>TrabajoCudecaER</ownerDesignName>
<engineerTo>
<item key="79962930-823B-D1F3-840D-B2CF069E04A3" value="true"/>
</engineerTo>
<useDomainConstraints>false</useDomainConstraints>
<use>1</use>
<logicalDatatype>LOGDT019</logicalDatatype>
<dataTypePrecision>10</dataTypePrecision>
<dataTypeScale>2</dataTypeScale>
<ownDataTypeParameters>,10,2</ownDataTypeParameters>
</Attribute>
<Attribute name="NUM_DONANTES" id="57EEDB9D-62CC-9BA1-7E10-A69165FF0AFD">
<createdBy>Usuario</createdBy>
<createdTime>2025-11-21 19:28:27 UTC</createdTime>
<ownerDesignName>TrabajoCudecaER</ownerDesignName>
<engineerTo>
<item key="79962930-823B-D1F3-840D-B2CF069E04A3" value="true"/>
</engineerTo>
<useDomainConstraints>false</useDomainConstraints>
<use>1</use>
<logicalDatatype>LOGDT019</logicalDatatype>
<dataTypePrecision>10</dataTypePrecision>
<ownDataTypeParameters>,10,</ownDataTypeParameters>
</Attribute>
<Attribute name="ID_EVENTO" id="F355EFB8-4A0A-5FA9-3096-5F243418E864">
<createdBy>Usuario</createdBy>
<createdTime>2025-11-21 19:28:04 UTC</createdTime>
<generatorID>DF3B8E85-D01B-49BB-5C2A-2198270CC6E1</generatorID>
<ownerDesignName>TrabajoCudecaER</ownerDesignName>
<engineerTo>
<item key="79962930-823B-D1F3-840D-B2CF069E04A3" value="true"/>
</engineerTo>
<referedAttribute>CACBE35A-EACD-1881-85DB-44B67ABD08F3</referedAttribute>
<useDomainConstraints>false</useDomainConstraints>
<use>1</use>
<logicalDatatype>LOGDT019</logicalDatatype>
<dataTypePrecision>10</dataTypePrecision>
<ownDataTypeParameters>,,</ownDataTypeParameters>
</Attribute>
</attributes>
<identifiers itemClass="oracle.dbtools.crest.model.design.logical.CandidateKey">
<identifier id="D029D9C1-D962-5A20-3F43-ED3A30B6CD8C" name="RECAUDACION PK">
<createdBy>Usuario</createdBy>
<createdTime>2025-11-21 19:27:42 UTC</createdTime>
<ownerDesignName>TrabajoCudecaER</ownerDesignName>
<engineerTo>
<item key="79962930-823B-D1F3-840D-B2CF069E04A3" value="true"/>
</engineerTo>
<pk>true</pk>
<usedAttributes>
<attributeRef>84D92342-F374-A0C9-B1D1-DB0518F00A9D</attributeRef>
</usedAttributes>
</identifier>
</identifiers>
</Entity>