<?xml version = '1.0' encoding = 'UTF-8'?>
<Entity class="oracle.dbtools.crest.model.design.logical.Entity" directorySegmentName="seg_0" id="96036FEF-D156-374F-1FAB-896118B89F74" name="PERSONA">
<createdBy>Usuario</createdBy>
<createdTime>2025-11-21 16:05:56 UTC</createdTime>
<generatorID>84B2EC1F-A490-C9A9-69C4-F8B6B01188EB</generatorID>
<ownerDesignName>TrabajoCudecaER</ownerDesignName>
<engineerTo>
<item key="79962930-823B-D1F3-840D-B2CF069E04A3" value="true"/>
</engineerTo>
<adequatelyNormalized>NO</adequatelyNormalized>
<expectedVolumes>0</expectedVolumes>
<fwdEngineeringStrategyName>Single Table</fwdEngineeringStrategyName>
<growthPercent>0</growthPercent>
<growthType>Year</growthType>
<hierarchicalParent>9970768C-00C4-182D-9D37-5D3194690FF3</hierarchicalParent>
<maxVolumes>9999999</maxVolumes>
<minVolumes>0</minVolumes>
<normalForm>Third</normalForm>
<subtypesRefType>Arc implementation</subtypesRefType>
<generateDiscrimColumn>true</generateDiscrimColumn>
<discriminatorAttributeID>75E629DF-3DC9-B928-274C-003DA0F15841</discriminatorAttributeID>
<discriminatorColumnName>ARC_TIPO_PERS</discriminatorColumnName>
<attributes itemClass="oracle.dbtools.crest.model.design.logical.Attribute">
<Attribute name="ID_PERSONA" id="3AF13DE7-8420-DC5E-CCCE-3BD241DD6BA1">
<createdBy>Usuario</createdBy>
<createdTime>2025-11-21 16:05:56 UTC</createdTime>
<generatorID>0CED6BAA-8A40-18EE-73E7-0B3725DB970D</generatorID>
<ownerDesignName>TrabajoCudecaER</ownerDesignName>
<engineerTo>
<item key="79962930-823B-D1F3-840D-B2CF069E04A3" value="true"/>
</engineerTo>
<useDomainConstraints>false</useDomainConstraints>
<use>1</use>
<logicalDatatype>LOGDT019</logicalDatatype>
<dataTypePrecision>10</dataTypePrecision>
<ownDataTypeParameters>,10,</ownDataTypeParameters>
</Attribute>
<Attribute name="DNI" id="BB436EB2-B3A0-AF6D-0C9D-2280E1FD4CA2">
<createdBy>Usuario</createdBy>
<createdTime>2025-11-21 16:05:56 UTC</createdTime>
<generatorID>F1C7563C-8045-502D-6B94-7F13B11F13DE</generatorID>
<ownerDesignName>TrabajoCudecaER</ownerDesignName>
<engineerTo>
<item key="79962930-823B-D1F3-840D-B2CF069E04A3" value="true"/>
</engineerTo>
<useDomainConstraints>false</useDomainConstraints>
<use>1</use>
<logicalDatatype>LOGDT024</logicalDatatype>
<dataTypeSize>9 BYTE</dataTypeSize>
<ownDataTypeParameters>9 BYTE,,</ownDataTypeParameters>
</Attribute>
<Attribute name="NOMBRE" id="700516C5-3EA5-59CC-C814-2BBD3EE59AEC">
<createdBy>Usuario</createdBy>
<createdTime>2025-11-21 16:05:56 UTC</createdTime>
<generatorID>7CEE7E33-5D7F-8CED-F382-31020932A012</generatorID>
<ownerDesignName>TrabajoCudecaER</ownerDesignName>
<engineerTo>
<item key="79962930-823B-D1F3-840D-B2CF069E04A3" value="true"/>
</engineerTo>
<useDomainConstraints>false</useDomainConstraints>
<use>1</use>
<logicalDatatype>LOGDT024</logicalDatatype>
<dataTypeSize>20 BYTE</dataTypeSize>
<ownDataTypeParameters>20 BYTE,,</ownDataTypeParameters>
</Attribute>
<Attribute name="APELLIDOS" id="22B67146-A034-6288-9D9B-3EC79F50C698">
<createdBy>Usuario</createdBy>
<createdTime>2025-11-21 16:05:56 UTC</createdTime>
<generatorID>5692DCDE-E4EF-80B9-79DA-7DAB5C8442FF</generatorID>
<ownerDesignName>TrabajoCudecaER</ownerDesignName>
<engineerTo>
<item key="79962930-823B-D1F3-840D-B2CF069E04A3" value="true"/>
</engineerTo>
<useDomainConstraints>false</useDomainConstraints>
<use>1</use>
<logicalDatatype>LOGDT024</logicalDatatype>
<dataTypeSize>20 BYTE</dataTypeSize>
<ownDataTypeParameters>20 BYTE,,</ownDataTypeParameters>
</Attribute>
<Attribute name="EMAIL" id="61689556-1085-3182-C331-5110090AC396">
<createdBy>Usuario</createdBy>
<createdTime>2025-11-21 16:05:56 UTC</createdTime>
<generatorID>09471466-72AE-006D-3B07-71FA730DF0A5</generatorID>
<ownerDesignName>TrabajoCudecaER</ownerDesignName>
<engineerTo>
<item key="79962930-823B-D1F3-840D-B2CF069E04A3" value="true"/>
</engineerTo>
<useDomainConstraints>false</useDomainConstraints>
<use>1</use>
<logicalDatatype>LOGDT024</logicalDatatype>
<dataTypeSize>20 BYTE</dataTypeSize>
<ownDataTypeParameters>20 BYTE,,</ownDataTypeParameters>
</Attribute>
<Attribute name="TELEFONO" id="4B35353A-3017-4ABD-28A9-0EE273B21D90">
<createdBy>Usuario</createdBy>
<createdTime>2025-11-21 16:05:56 UTC</createdTime>
<generatorID>2E8A9FF6-71F6-A565-B87B-72A0504AD734</generatorID>
<ownerDesignName>TrabajoCudecaER</ownerDesignName>
<engineerTo>
<item key="79962930-823B-D1F3-840D-B2CF069E04A3" value="true"/>
</engineerTo>
<useDomainConstraints>false</useDomainConstraints>
<use>1</use>
<logicalDatatype>LOGDT019</logicalDatatype>
<dataTypePrecision>9</dataTypePrecision>
<ownDataTypeParameters>,9,</ownDataTypeParameters>
</Attribute>
<Attribute name="DIRECCION" id="C96782F1-40A2-4640-EEFA-B041D3B49545">
<createdBy>Usuario</createdBy>
<createdTime>2025-11-21 16:05:56 UTC</createdTime>
<generatorID>09CAF561-CD76-5215-723F-2B9A11E395F2</generatorID>
<ownerDesignName>TrabajoCudecaER</ownerDesignName>
<engineerTo>
<item key="79962930-823B-D1F3-840D-B2CF069E04A3" value="true"/>
</engineerTo>
<nullsAllowed>true</nullsAllowed>
<useDomainConstraints>false</useDomainConstraints>
<use>1</use>
<logicalDatatype>LOGDT024</logicalDatatype>
<dataTypeSize>100 BYTE</dataTypeSize>
<ownDataTypeParameters>100 BYTE,,</ownDataTypeParameters>
</Attribute>
<Attribute name="ACEPTA_COMUNICACIONES" id="2A8451E6-55DA-0734-6C15-6553AB5B5C02">
<createdBy>Usuario</createdBy>
<createdTime>2025-11-21 16:05:56 UTC</createdTime>
<generatorID>BE1C049A-3C9C-1F6E-088F-6F7D05A941D3</generatorID>
<ownerDesignName>TrabajoCudecaER</ownerDesignName>
<engineerTo>
<item key="79962930-823B-D1F3-840D-B2CF069E04A3" value="true"/>
</engineerTo>
<useDomainConstraints>false</useDomainConstraints>
<use>1</use>
<logicalDatatype>LOGDT025</logicalDatatype>
<dataTypeSize>1 BYTE</dataTypeSize>
<ownDataTypeParameters>1 BYTE,,</ownDataTypeParameters>
</Attribute>
<Attribute name="NECESITA_ASIST" id="683C66C9-82FF-5ABC-E794-B4327F8497E4">
<createdBy>Usuario</createdBy>
<createdTime>2025-11-21 19:38:47 UTC</createdTime>
<ownerDesignName>TrabajoCudecaER</ownerDesignName>
<engineerTo>
<item key="79962930-823B-D1F3-840D-B2CF069E04A3" value="true"/>
</engineerTo>
<useDomainConstraints>false</useDomainConstraints>
<use>1</use>
<logicalDatatype>LOGDT025</logicalDatatype>
<dataTypeSize>1 BYTE</dataTypeSize>
<ownDataTypeParameters>1 BYTE,,</ownDataTypeParameters>
</Attribute>
<Attribute name="ROL" id="75E629DF-3DC9-B928-274C-003DA0F15841">
<createdBy>marco</createdBy>
<createdTime>2025-12-20 18:07:52 UTC</createdTime>
<ownerDesignName>TrabajoCudecaER</ownerDesignName>
<engineerTo>
<item key="79962930-823B-D1F3-840D-B2CF069E04A3" value="true"/>
</engineerTo>
<constraintName>CHK_TIPO_PERS</constraintName>
<nullsAllowed>true</nullsAllowed>
<useDomainConstraints>false</useDomainConstraints>
<use>1</use>
<logicalDatatype>LOGDT025</logicalDatatype>
<dataTypeSize>1 BYTE</dataTypeSize>
<listOfValues>
<valueDef value="S" description=""/>
<valueDef value="V" description=""/>
</listOfValues>
<ownDataTypeParameters>1 BYTE,,</ownDataTypeParameters>
</Attribute>
</attributes>
<identifiers itemClass="oracle.dbtools.crest.model.design.logical.CandidateKey">
<identifier id="98992DCB-2AD5-A994-013B-CD3EE5252FB8" name="PERSONA PK">
<createdBy>Usuario</createdBy>
<createdTime>2025-11-21 16:05:56 UTC</createdTime>
<generatorID>8BB0A2F8-3E7C-117B-5097-4F8F6B8E425C</generatorID>
<ownerDesignName>TrabajoCudecaER</ownerDesignName>
<engineerTo>
<item key="79962930-823B-D1F3-840D-B2CF069E04A3" value="true"/>
</engineerTo>
<pk>true</pk>
<usedAttributes>
<attributeRef>3AF13DE7-8420-DC5E-CCCE-3BD241DD6BA1</attributeRef>
</usedAttributes>
</identifier>
<identifier id="BB22E9CA-19F7-CB66-D71B-7627A16B9D03" name="PERSONA DNI UN">
<createdBy>Usuario</createdBy>
<createdTime>2025-11-21 16:05:56 UTC</createdTime>
<generatorID>739A1713-84C2-764D-56F5-68A909327E92</generatorID>
<ownerDesignName>TrabajoCudecaER</ownerDesignName>
<engineerTo>
<item key="79962930-823B-D1F3-840D-B2CF069E04A3" value="true"/>
</engineerTo>
<usedAttributes>
<attributeRef>BB436EB2-B3A0-AF6D-0C9D-2280E1FD4CA2</attributeRef>
</usedAttributes>
</identifier>
</identifiers>
</Entity>