<?xml version = '1.0' encoding = 'UTF-8'?>
<Entity class="oracle.dbtools.crest.model.design.logical.Entity" directorySegmentName="seg_0" id="9970768C-00C4-182D-9D37-5D3194690FF3" name="CLIENTE">
<createdBy>fran</createdBy>
<createdTime>2025-12-20 16:11:13 UTC</createdTime>
<ownerDesignName>TrabajoCudecaER</ownerDesignName>
<engineerTo>
<item key="79962930-823B-D1F3-840D-B2CF069E04A3" value="true"/>
</engineerTo>
<adequatelyNormalized>NO</adequatelyNormalized>
<expectedVolumes>0</expectedVolumes>
<fwdEngineeringStrategyName>Single Table</fwdEngineeringStrategyName>
<growthPercent>0</growthPercent>
<growthType>Year</growthType>
<maxVolumes>9999999</maxVolumes>
<minVolumes>0</minVolumes>
<normalForm>Third</normalForm>
<subtypesRefType>Arc implementation</subtypesRefType>
<generateDiscrimColumn>true</generateDiscrimColumn>
<discriminatorAttributeID>D13D42A8-5AED-3186-64FC-9114D9BC5314</discriminatorAttributeID>
<discriminatorColumnName>ARC_TIPO_CLIENTE</discriminatorColumnName>
<attributes itemClass="oracle.dbtools.crest.model.design.logical.Attribute">
<Attribute name="ID_CLIENTE" id="D4994EA8-4E01-3222-CDAB-65AFE0E9DF7A">
<createdBy>fran</createdBy>
<createdTime>2025-12-20 16:15:10 UTC</createdTime>
<ownerDesignName>TrabajoCudecaER</ownerDesignName>
<engineerTo>
<item key="79962930-823B-D1F3-840D-B2CF069E04A3" value="true"/>
</engineerTo>
<useDomainConstraints>false</useDomainConstraints>
<use>1</use>
<logicalDatatype>LOGDT019</logicalDatatype>
<dataTypePrecision>10</dataTypePrecision>
<ownDataTypeParameters>,10,</ownDataTypeParameters>
</Attribute>
<Attribute name="ID_VENTA" id="F66E8E8C-C84C-689E-FA55-AA8E0E837AD7">
<createdBy>fran</createdBy>
<createdTime>2025-12-20 16:18:33 UTC</createdTime>
<generatorID>BA8DA107-465E-3841-6CB8-A8AABFB41C4D</generatorID>
<ownerDesignName>TrabajoCudecaER</ownerDesignName>
<engineerTo>
<item key="79962930-823B-D1F3-840D-B2CF069E04A3" value="true"/>
</engineerTo>
<nullsAllowed>true</nullsAllowed>
<referedAttribute>BED104D3-5143-36F9-D371-7CA9F95D90AD</referedAttribute>
<useDomainConstraints>false</useDomainConstraints>
<use>1</use>
<logicalDatatype>LOGDT019</logicalDatatype>
<dataTypePrecision>10</dataTypePrecision>
<ownDataTypeParameters>,,</ownDataTypeParameters>
</Attribute>
<Attribute name="TIPO" id="D13D42A8-5AED-3186-64FC-9114D9BC5314">
<createdBy>marco</createdBy>
<createdTime>2025-12-20 18:03:26 UTC</createdTime>
<ownerDesignName>TrabajoCudecaER</ownerDesignName>
<engineerTo>
<item key="79962930-823B-D1F3-840D-B2CF069E04A3" value="true"/>
</engineerTo>
<constraintName>CHK_TIPO_CLIENT</constraintName>
<nullsAllowed>true</nullsAllowed>
<useDomainConstraints>false</useDomainConstraints>
<use>1</use>
<logicalDatatype>LOGDT025</logicalDatatype>
<dataTypeSize>1 BYTE</dataTypeSize>
<listOfValues>
<valueDef value="O" description=""/>
<valueDef value="P" description=""/>
</listOfValues>
<ownDataTypeParameters>1 BYTE,,</ownDataTypeParameters>
</Attribute>
</attributes>
<identifiers itemClass="oracle.dbtools.crest.model.design.logical.CandidateKey">
<identifier id="EFFAF832-D5E6-7445-6BD6-89D079A34F68" name="CLIENTE PK">
<createdBy>fran</createdBy>
<createdTime>2025-12-20 16:15:25 UTC</createdTime>
<ownerDesignName>TrabajoCudecaER</ownerDesignName>
<engineerTo>
<item key="79962930-823B-D1F3-840D-B2CF069E04A3" value="true"/>
</engineerTo>
<pk>true</pk>
<usedAttributes>
<attributeRef>D4994EA8-4E01-3222-CDAB-65AFE0E9DF7A</attributeRef>
</usedAttributes>
</identifier>
</identifiers>
</Entity>