<?xml version = '1.0' encoding = 'UTF-8'?>
<Entity class="oracle.dbtools.crest.model.design.logical.Entity" directorySegmentName="seg_0" id="C4D1002A-6712-D284-2176-E0F697E19670" name="ORGANIZACION">
<createdBy>Usuario</createdBy>
<createdTime>2025-11-21 16:05:56 UTC</createdTime>
<generatorID>DAA71671-F5C7-9E41-F721-C7AEFA933423</generatorID>
<ownerDesignName>TrabajoCudecaER</ownerDesignName>
<engineerTo>
<item key="79962930-823B-D1F3-840D-B2CF069E04A3" value="true"/>
</engineerTo>
<adequatelyNormalized>NO</adequatelyNormalized>
<expectedVolumes>0</expectedVolumes>
<fwdEngineeringStrategyName>Single Table</fwdEngineeringStrategyName>
<growthPercent>0</growthPercent>
<growthType>Year</growthType>
<hierarchicalParent>9970768C-00C4-182D-9D37-5D3194690FF3</hierarchicalParent>
<maxVolumes>9999999</maxVolumes>
<minVolumes>0</minVolumes>
<normalForm>Third</normalForm>
<attributes itemClass="oracle.dbtools.crest.model.design.logical.Attribute">
<Attribute name="ID_ORGANIZACION" id="F381C212-EEB3-0511-5562-61A75D2163F6">
<createdBy>Usuario</createdBy>
<createdTime>2025-11-21 16:05:56 UTC</createdTime>
<generatorID>F4E87B11-8F36-7130-F22F-2DF9EEF00123</generatorID>
<ownerDesignName>TrabajoCudecaER</ownerDesignName>
<engineerTo>
<item key="79962930-823B-D1F3-840D-B2CF069E04A3" value="true"/>
</engineerTo>
<useDomainConstraints>false</useDomainConstraints>
<use>1</use>
<logicalDatatype>LOGDT019</logicalDatatype>
<dataTypePrecision>10</dataTypePrecision>
<ownDataTypeParameters>,10,</ownDataTypeParameters>
</Attribute>
<Attribute name="NOMBRE_COMERCIAL" id="1E7224C0-23CD-8321-8482-81FFF83E6FC2">
<createdBy>Usuario</createdBy>
<createdTime>2025-11-21 16:05:56 UTC</createdTime>
<generatorID>46C6EC7F-80AC-46AC-415E-7C94DAA8B286</generatorID>
<ownerDesignName>TrabajoCudecaER</ownerDesignName>
<engineerTo>
<item key="79962930-823B-D1F3-840D-B2CF069E04A3" value="true"/>
</engineerTo>
<useDomainConstraints>false</useDomainConstraints>
<use>1</use>
<logicalDatatype>LOGDT024</logicalDatatype>
<dataTypeSize>200 BYTE</dataTypeSize>
<ownDataTypeParameters>200 BYTE,,</ownDataTypeParameters>
</Attribute>
<Attribute name="CIF" id="28DE7348-5AEA-0CA2-DCD6-E2DB758649F3">
<createdBy>Usuario</createdBy>
<createdTime>2025-11-21 16:05:56 UTC</createdTime>
<generatorID>A0C1B864-CE9D-5E96-8F5D-914BFD50499E</generatorID>
<ownerDesignName>TrabajoCudecaER</ownerDesignName>
<engineerTo>
<item key="79962930-823B-D1F3-840D-B2CF069E04A3" value="true"/>
</engineerTo>
<useDomainConstraints>false</useDomainConstraints>
<use>1</use>
<logicalDatatype>LOGDT024</logicalDatatype>
<dataTypeSize>9 BYTE</dataTypeSize>
<ownDataTypeParameters>9 BYTE,,</ownDataTypeParameters>
</Attribute>
<Attribute name="CONTACTO" id="373FA72A-9645-F445-C641-944979490895">
<createdBy>Usuario</createdBy>
<createdTime>2025-11-21 16:05:56 UTC</createdTime>
<generatorID>710E155B-A217-4EEB-C539-1AD564C72760</generatorID>
<ownerDesignName>TrabajoCudecaER</ownerDesignName>
<engineerTo>
<item key="79962930-823B-D1F3-840D-B2CF069E04A3" value="true"/>
</engineerTo>
<nullsAllowed>true</nullsAllowed>
<useDomainConstraints>false</useDomainConstraints>
<use>1</use>
<logicalDatatype>LOGDT024</logicalDatatype>
<dataTypeSize>200 BYTE</dataTypeSize>
<ownDataTypeParameters>200 BYTE,,</ownDataTypeParameters>
</Attribute>
<Attribute name="TIPO_ORGANIZACION" id="ACDC9CBE-9341-BCE1-8D6A-4135FE4ADEDE">
<createdBy>Usuario</createdBy>
<createdTime>2025-11-21 16:05:56 UTC</createdTime>
<generatorID>EF5F35B1-C036-D6FD-9134-7A65CC8FA9F7</generatorID>
<ownerDesignName>TrabajoCudecaER</ownerDesignName>
<engineerTo>
<item key="79962930-823B-D1F3-840D-B2CF069E04A3" value="true"/>
</engineerTo>
<useDomainConstraints>false</useDomainConstraints>
<use>1</use>
<logicalDatatype>LOGDT024</logicalDatatype>
<dataTypeSize>50 BYTE</dataTypeSize>
<ownDataTypeParameters>50 BYTE,,</ownDataTypeParameters>
</Attribute>
</attributes>
<identifiers itemClass="oracle.dbtools.crest.model.design.logical.CandidateKey">
<identifier id="E8EECD13-55F9-172E-2E33-38D60CCF9F74" name="ORGANIZACION PK">
<createdBy>Usuario</createdBy>
<createdTime>2025-11-21 16:05:56 UTC</createdTime>
<generatorID>1CD8C20C-2173-3155-183F-7426533B853D</generatorID>
<ownerDesignName>TrabajoCudecaER</ownerDesignName>
<shouldEngineer>false</shouldEngineer>
<engineerTo>
<item key="79962930-823B-D1F3-840D-B2CF069E04A3" value="false"/>
</engineerTo>
<pk>true</pk>
<usedAttributes>
<attributeRef>F381C212-EEB3-0511-5562-61A75D2163F6</attributeRef>
</usedAttributes>
</identifier>
<identifier id="BC4F169D-A737-2367-1124-9272B965B152" name="ORGANIZACION CIF UN">
<createdBy>Usuario</createdBy>
<createdTime>2025-11-21 16:05:56 UTC</createdTime>
<generatorID>FC160BC9-91EF-4C01-7734-CC28A7C8A436</generatorID>
<ownerDesignName>TrabajoCudecaER</ownerDesignName>
<shouldEngineer>false</shouldEngineer>
<engineerTo>
<item key="79962930-823B-D1F3-840D-B2CF069E04A3" value="false"/>
</engineerTo>
<newElementsIDs>28DE7348-5AEA-0CA2-DCD6-E2DB758649F3</newElementsIDs>
<usedAttributes>
<attributeRef>28DE7348-5AEA-0CA2-DCD6-E2DB758649F3</attributeRef>
</usedAttributes>
</identifier>
</identifiers>
</Entity>