<?xml version = '1.0' encoding = 'UTF-8'?>
<Entity class="oracle.dbtools.crest.model.design.logical.Entity" directorySegmentName="seg_0" id="D60871E8-963A-BCEC-09D7-30AD567037C1" name="PATROCINIO">
<createdBy>Usuario</createdBy>
<createdTime>2025-11-21 16:05:56 UTC</createdTime>
<generatorID>25236C8E-41F6-B7F6-B9EF-0C482835843B</generatorID>
<ownerDesignName>TrabajoCudecaER</ownerDesignName>
<engineerTo>
<item key="79962930-823B-D1F3-840D-B2CF069E04A3" value="true"/>
</engineerTo>
<adequatelyNormalized>NO</adequatelyNormalized>
<expectedVolumes>0</expectedVolumes>
<fwdEngineeringStrategyName>Single Table</fwdEngineeringStrategyName>
<growthPercent>0</growthPercent>
<growthType>Year</growthType>
<maxVolumes>9999999</maxVolumes>
<minVolumes>0</minVolumes>
<normalForm>Third</normalForm>
<attributes itemClass="oracle.dbtools.crest.model.design.logical.Attribute">
<Attribute name="ID_PATROCINIO" id="A63780E4-228A-8938-72D1-67776EC4AB99">
<createdBy>Usuario</createdBy>
<createdTime>2025-11-21 16:05:56 UTC</createdTime>
<generatorID>FF55F766-B488-CEDD-3224-4EEEDAC65689</generatorID>
<ownerDesignName>TrabajoCudecaER</ownerDesignName>
<engineerTo>
<item key="79962930-823B-D1F3-840D-B2CF069E04A3" value="true"/>
</engineerTo>
<useDomainConstraints>false</useDomainConstraints>
<use>1</use>
<logicalDatatype>LOGDT019</logicalDatatype>
<dataTypePrecision>10</dataTypePrecision>
<ownDataTypeParameters>,10,</ownDataTypeParameters>
</Attribute>
<Attribute name="ID_EVENTO" id="E51481C4-B1D6-617E-7B82-2536E8D28C8D">
<createdBy>Usuario</createdBy>
<createdTime>2025-11-21 16:05:56 UTC</createdTime>
<generatorID>A76D2FC3-59F0-1E86-9919-83D9BF67DC98</generatorID>
<ownerDesignName>TrabajoCudecaER</ownerDesignName>
<engineerTo>
<item key="79962930-823B-D1F3-840D-B2CF069E04A3" value="true"/>
</engineerTo>
<referedAttribute>CACBE35A-EACD-1881-85DB-44B67ABD08F3</referedAttribute>
<useDomainConstraints>false</useDomainConstraints>
<use>1</use>
<logicalDatatype>LOGDT019</logicalDatatype>
<dataTypePrecision>10</dataTypePrecision>
<ownDataTypeParameters>,10,</ownDataTypeParameters>
</Attribute>
<Attribute name="DINERO_APORTADO" id="E54F73B0-E790-56EB-FADD-C1F486318E51">
<createdBy>Usuario</createdBy>
<createdTime>2025-11-21 16:05:56 UTC</createdTime>
<generatorID>6A3D60B3-7172-7F6D-4B98-9816C10156DE</generatorID>
<ownerDesignName>TrabajoCudecaER</ownerDesignName>
<engineerTo>
<item key="79962930-823B-D1F3-840D-B2CF069E04A3" value="true"/>
</engineerTo>
<useDomainConstraints>false</useDomainConstraints>
<use>1</use>
<logicalDatatype>LOGDT019</logicalDatatype>
<dataTypePrecision>10</dataTypePrecision>
<dataTypeScale>2</dataTypeScale>
<ownDataTypeParameters>,10,2</ownDataTypeParameters>
</Attribute>
<Attribute name="DETALLE_APORTACION" id="B4F518D6-DF59-309F-B1C4-CD3935A12D39">
<createdBy>Usuario</createdBy>
<createdTime>2025-11-21 16:05:56 UTC</createdTime>
<generatorID>86A35558-303B-6317-222E-8E2B03C676B5</generatorID>
<ownerDesignName>TrabajoCudecaER</ownerDesignName>
<engineerTo>
<item key="79962930-823B-D1F3-840D-B2CF069E04A3" value="true"/>
</engineerTo>
<nullsAllowed>true</nullsAllowed>
<useDomainConstraints>false</useDomainConstraints>
<use>1</use>
<logicalDatatype>LOGDT024</logicalDatatype>
<dataTypeSize>400 BYTE</dataTypeSize>
<ownDataTypeParameters>400 BYTE,,</ownDataTypeParameters>
</Attribute>
</attributes>
<identifiers itemClass="oracle.dbtools.crest.model.design.logical.CandidateKey">
<identifier id="A62743F6-3F4F-B8CD-DB44-2B13C1D45566" name="PATROCINIO PK">
<createdBy>Usuario</createdBy>
<createdTime>2025-11-21 16:05:56 UTC</createdTime>
<generatorID>7C4C42C7-A4DF-3DB5-1A7B-C607BB34CD6C</generatorID>
<ownerDesignName>TrabajoCudecaER</ownerDesignName>
<shouldEngineer>false</shouldEngineer>
<engineerTo>
<item key="79962930-823B-D1F3-840D-B2CF069E04A3" value="false"/>
</engineerTo>
<pk>true</pk>
<usedAttributes>
<attributeRef>A63780E4-228A-8938-72D1-67776EC4AB99</attributeRef>
<attributeRef>E51481C4-B1D6-617E-7B82-2536E8D28C8D</attributeRef>
</usedAttributes>
</identifier>
</identifiers>
</Entity>