<?xml version = '1.0' encoding = 'UTF-8'?>
<FKIndexAssociation class="oracle.dbtools.crest.model.design.relational.FKIndexAssociation" directorySegmentName="seg_0" id="01FCB6CF-A745-CA3C-8E45-6A482028430D" containerWithKeyObject="DA3C89DD-72F7-C251-8F62-F624B9C0F0CA" localFKIndex="480F6B51-009D-ADF6-0303-50684D782889" name="PTR_CLIENTE_CLIENTE_FK">
<createdBy>marco</createdBy>
<createdTime>2025-12-20 18:26:19 UTC</createdTime>
<generatorID>282E91CA-F6E8-0F41-211F-CFBFB8284951</generatorID>
<ownerDesignName>TrabajoCudecaER</ownerDesignName>
<referredTableLongName>CLIENTE</referredTableLongName>
<deleteRule>NO ACTION</deleteRule>
<referredTableID>761F1E65-B3E8-13EA-534A-BD57778FE27F</referredTableID>
<keyObject>2308B4C0-FE13-226E-A1BE-82DD83C53EF8</keyObject>
<referredKeyID>2308B4C0-FE13-226E-A1BE-82DD83C53EF8</referredKeyID>
<mandatory>true</mandatory>
<refColNames>ID_CLIENTE</refColNames>
<transferable>true</transferable>
<rely>false</rely>
<columnDependencyConstraintGenerateInDDL>true</columnDependencyConstraintGenerateInDDL>
</FKIndexAssociation>