<?xml version = '1.0' encoding = 'UTF-8'?>
<FKIndexAssociation class="oracle.dbtools.crest.model.design.relational.FKIndexAssociation" directorySegmentName="seg_0" id="040512DD-1118-B205-39D8-7C2399C43F32" containerWithKeyObject="240096A0-DB64-5E66-0100-2FB542B3CA53" localFKIndex="57191AC4-030E-DB7C-AC93-4545ECE41631" name="PERSONA_SOCIO_FK">
<createdBy>marco</createdBy>
<createdTime>2025-12-20 18:26:19 UTC</createdTime>
<generatorID>376C950E-7DB2-4DA5-373E-BAC17B37A68A</generatorID>
<ownerDesignName>TrabajoCudecaER</ownerDesignName>
<referredTableLongName>SOCIO</referredTableLongName>
<arc>BD99E518-3600-C063-E969-216504906237</arc>
<deleteRule>NO ACTION</deleteRule>
<referredTableID>C2ACBF46-CEF6-5895-8643-1A2349F9280F</referredTableID>
<keyObject>5AD235D8-0BCE-E9AF-B49D-231E90F3D4FF</keyObject>
<referredKeyID>5AD235D8-0BCE-E9AF-B49D-231E90F3D4FF</referredKeyID>
<mandatory>false</mandatory>
<refColNames>ID_CLIENTE</refColNames>
<transferable>true</transferable>
<rely>false</rely>
<columnDependencyConstraintGenerateInDDL>true</columnDependencyConstraintGenerateInDDL>
</FKIndexAssociation>