<?xml version = '1.0' encoding = 'UTF-8'?>
<FKIndexAssociation class="oracle.dbtools.crest.model.design.relational.FKIndexAssociation" directorySegmentName="seg_0" id="32C71F14-6EF3-9F6D-61D2-C2C8EFEE522C" containerWithKeyObject="2300B63D-C734-9F41-34AE-0EFE75E4B1EE" localFKIndex="59857D7E-A188-B58F-8588-6F6D2CD6D635" name="TICKET_EVENTO_FK">
<createdBy>marco</createdBy>
<createdTime>2025-12-20 18:26:19 UTC</createdTime>
<generatorID>A249E255-BC3B-9907-6F09-883D4CDC2D37</generatorID>
<ownerDesignName>TrabajoCudecaER</ownerDesignName>
<referredTableLongName>EVENTO</referredTableLongName>
<deleteRule>NO ACTION</deleteRule>
<referredTableID>7D23C103-CA79-CCFB-4BF9-65302F2F8313</referredTableID>
<keyObject>B4154B5E-61A2-3077-F964-BC8F44D311CD</keyObject>
<referredKeyID>B4154B5E-61A2-3077-F964-BC8F44D311CD</referredKeyID>
<mandatory>true</mandatory>
<refColNames>ID_EVENTO</refColNames>
<transferable>true</transferable>
<rely>false</rely>
<columnDependencyConstraintGenerateInDDL>true</columnDependencyConstraintGenerateInDDL>
</FKIndexAssociation>