<?xml version = '1.0' encoding = 'UTF-8'?>
<FKIndexAssociation class="oracle.dbtools.crest.model.design.relational.FKIndexAssociation" directorySegmentName="seg_0" id="3D44106D-A18F-2623-377E-D3C421A4DF67" containerWithKeyObject="2300B63D-C734-9F41-34AE-0EFE75E4B1EE" localFKIndex="5A091C9F-2258-E1FD-2B32-68E37F7C9409" name="TICKET_VENTA_FK">
<createdBy>marco</createdBy>
<createdTime>2025-12-20 18:26:19 UTC</createdTime>
<generatorID>FAD3E2BF-FDBD-A862-C6C3-8A1AADAFFCE5</generatorID>
<ownerDesignName>TrabajoCudecaER</ownerDesignName>
<referredTableLongName>VENTA</referredTableLongName>
<deleteRule>NO ACTION</deleteRule>
<referredTableID>4ECCE540-64EA-1881-AD98-46313A143389</referredTableID>
<keyObject>5B958270-055C-689D-F9C2-9D203CB001E5</keyObject>
<referredKeyID>5B958270-055C-689D-F9C2-9D203CB001E5</referredKeyID>
<mandatory>true</mandatory>
<refColNames>ID_VENTA</refColNames>
<transferable>true</transferable>
<rely>false</rely>
<columnDependencyConstraintGenerateInDDL>true</columnDependencyConstraintGenerateInDDL>
</FKIndexAssociation>