<?xml version = '1.0' encoding = 'UTF-8'?>
<FKIndexAssociation class="oracle.dbtools.crest.model.design.relational.FKIndexAssociation" directorySegmentName="seg_0" id="50E50CAA-4F77-5C93-C815-A1C7B4902BC5" containerWithKeyObject="761F1E65-B3E8-13EA-534A-BD57778FE27F" localFKIndex="BEA09EF8-E506-2E70-B22D-36F06E62A1FA" name="CLIENTE_PERSONA_FK">
<createdBy>marco</createdBy>
<createdTime>2025-12-20 18:26:19 UTC</createdTime>
<generatorID>E44CC941-CDCA-7205-651A-D87029651AAA</generatorID>
<ownerDesignName>TrabajoCudecaER</ownerDesignName>
<referredTableLongName>PERSONA</referredTableLongName>
<arc>62FA207E-C2AD-3C31-4C65-335BEC0BFF47</arc>
<deleteRule>NO ACTION</deleteRule>
<referredTableID>240096A0-DB64-5E66-0100-2FB542B3CA53</referredTableID>
<keyObject>0F9CB5B6-AC2E-F734-91A7-803EC4C6BD3F</keyObject>
<referredKeyID>0F9CB5B6-AC2E-F734-91A7-803EC4C6BD3F</referredKeyID>
<mandatory>false</mandatory>
<refColNames>ID_CLIENTE</refColNames>
<transferable>true</transferable>
<rely>false</rely>
<columnDependencyConstraintGenerateInDDL>true</columnDependencyConstraintGenerateInDDL>
</FKIndexAssociation>