<?xml version = '1.0' encoding = 'UTF-8'?>
<FKIndexAssociation class="oracle.dbtools.crest.model.design.relational.FKIndexAssociation" directorySegmentName="seg_0" id="607E791F-CB45-A6AD-D3C2-2A9A0CB58AA5" containerWithKeyObject="E987DA29-5E29-73B5-8B5E-737EE16F6929" localFKIndex="E7C37C16-6CB6-5F9A-CF31-6408A9C9447E" name="EVENTO_PTR_PATROCINIO_FK">
<createdBy>marco</createdBy>
<createdTime>2025-12-20 18:26:19 UTC</createdTime>
<generatorID>A76D2FC3-59F0-1E86-9919-83D9BF67DC98</generatorID>
<ownerDesignName>TrabajoCudecaER</ownerDesignName>
<referredTableLongName>PATROCINIO</referredTableLongName>
<deleteRule>NO ACTION</deleteRule>
<referredTableID>20FA21E0-B41F-83A7-69FF-D2B541498FE0</referredTableID>
<keyObject>9BFCD972-DB56-ACEE-51C9-40990E1CFBA0</keyObject>
<referredKeyID>9BFCD972-DB56-ACEE-51C9-40990E1CFBA0</referredKeyID>
<mandatory>true</mandatory>
<refColNames>ID_PATROCINIO,ID_EVENTO</refColNames>
<transferable>true</transferable>
<rely>false</rely>
<columnDependencyConstraintGenerateInDDL>true</columnDependencyConstraintGenerateInDDL>
</FKIndexAssociation>