<?xml version = '1.0' encoding = 'UTF-8'?>
<FKIndexAssociation class="oracle.dbtools.crest.model.design.relational.FKIndexAssociation" directorySegmentName="seg_0" id="61883907-1F93-0816-74FC-2ED27E45126B" containerWithKeyObject="56278C8F-495E-799E-52DD-3AC11EDBFFBB" localFKIndex="3FD8B78A-0CBC-1A22-24E6-0A0085987C7D" name="CLIENTE_EVENTO_CLIENTE_FK">
<createdBy>marco</createdBy>
<createdTime>2025-12-20 18:26:19 UTC</createdTime>
<generatorID>A8B30B5E-16E2-4FE9-CA7E-DADB094D4E4E</generatorID>
<ownerDesignName>TrabajoCudecaER</ownerDesignName>
<referredTableLongName>CLIENTE</referredTableLongName>
<deleteRule>NO ACTION</deleteRule>
<referredTableID>761F1E65-B3E8-13EA-534A-BD57778FE27F</referredTableID>
<keyObject>2308B4C0-FE13-226E-A1BE-82DD83C53EF8</keyObject>
<referredKeyID>2308B4C0-FE13-226E-A1BE-82DD83C53EF8</referredKeyID>
<mandatory>true</mandatory>
<refColNames>ID_CLIENTE</refColNames>
<transferable>true</transferable>
<rely>false</rely>
<columnDependencyConstraintGenerateInDDL>true</columnDependencyConstraintGenerateInDDL>
</FKIndexAssociation>