<?xml version = '1.0' encoding = 'UTF-8'?>
<FKIndexAssociation class="oracle.dbtools.crest.model.design.relational.FKIndexAssociation" directorySegmentName="seg_0" id="902C15AC-E9C5-6D52-A5B2-A9A68278526D" containerWithKeyObject="DA3C89DD-72F7-C251-8F62-F624B9C0F0CA" localFKIndex="B9081CA6-0016-7B8F-8D12-58E86DCC013D" name="PTR_CLIENTE_PATROCINIO_FK">
<createdBy>marco</createdBy>
<createdTime>2025-12-20 18:26:19 UTC</createdTime>
<generatorID>282E91CA-F6E8-0F41-211F-CFBFB8284951</generatorID>
<ownerDesignName>TrabajoCudecaER</ownerDesignName>
<referredTableLongName>PATROCINIO</referredTableLongName>
<deleteRule>NO ACTION</deleteRule>
<referredTableID>20FA21E0-B41F-83A7-69FF-D2B541498FE0</referredTableID>
<keyObject>9BFCD972-DB56-ACEE-51C9-40990E1CFBA0</keyObject>
<referredKeyID>9BFCD972-DB56-ACEE-51C9-40990E1CFBA0</referredKeyID>
<mandatory>true</mandatory>
<refColNames>ID_PATROCINIO,ID_EVENTO</refColNames>
<transferable>true</transferable>
<rely>false</rely>
<columnDependencyConstraintGenerateInDDL>true</columnDependencyConstraintGenerateInDDL>
</FKIndexAssociation>