<?xml version = '1.0' encoding = 'UTF-8'?>
<FKIndexAssociation class="oracle.dbtools.crest.model.design.relational.FKIndexAssociation" directorySegmentName="seg_0" id="9D1236EF-8173-6BCF-0F4A-6BB25E508BC9" containerWithKeyObject="761F1E65-B3E8-13EA-534A-BD57778FE27F" localFKIndex="48E506B6-CD7D-B7AD-B5B0-9366BC5FE089" name="CLIENTE_VENTA_FK">
<createdBy>marco</createdBy>
<createdTime>2025-12-20 18:26:19 UTC</createdTime>
<generatorID>BA8DA107-465E-3841-6CB8-A8AABFB41C4D</generatorID>
<ownerDesignName>TrabajoCudecaER</ownerDesignName>
<referredTableLongName>VENTA</referredTableLongName>
<deleteRule>NO ACTION</deleteRule>
<referredTableID>4ECCE540-64EA-1881-AD98-46313A143389</referredTableID>
<keyObject>5B958270-055C-689D-F9C2-9D203CB001E5</keyObject>
<referredKeyID>5B958270-055C-689D-F9C2-9D203CB001E5</referredKeyID>
<mandatory>false</mandatory>
<refColNames>ID_VENTA</refColNames>
<transferable>true</transferable>
<rely>false</rely>
<columnDependencyConstraintGenerateInDDL>true</columnDependencyConstraintGenerateInDDL>
</FKIndexAssociation>