<?xml version = '1.0' encoding = 'UTF-8'?>
<FKIndexAssociation class="oracle.dbtools.crest.model.design.relational.FKIndexAssociation" directorySegmentName="seg_0" id="A6108FD0-DD7C-F85A-E291-E30643FEE06D" containerWithKeyObject="56278C8F-495E-799E-52DD-3AC11EDBFFBB" localFKIndex="5D293A74-AC86-126B-F89A-9D06028C982F" name="CLIENTE_EVENTO_EVENTO_FK">
<createdBy>marco</createdBy>
<createdTime>2025-12-20 18:26:19 UTC</createdTime>
<generatorID>A8B30B5E-16E2-4FE9-CA7E-DADB094D4E4E</generatorID>
<ownerDesignName>TrabajoCudecaER</ownerDesignName>
<referredTableLongName>EVENTO</referredTableLongName>
<deleteRule>NO ACTION</deleteRule>
<referredTableID>7D23C103-CA79-CCFB-4BF9-65302F2F8313</referredTableID>
<keyObject>B4154B5E-61A2-3077-F964-BC8F44D311CD</keyObject>
<referredKeyID>B4154B5E-61A2-3077-F964-BC8F44D311CD</referredKeyID>
<mandatory>true</mandatory>
<refColNames>ID_EVENTO</refColNames>
<transferable>true</transferable>
<rely>false</rely>
<columnDependencyConstraintGenerateInDDL>true</columnDependencyConstraintGenerateInDDL>
</FKIndexAssociation>