<?xml version = '1.0' encoding = 'UTF-8'?>
<FKIndexAssociation class="oracle.dbtools.crest.model.design.relational.FKIndexAssociation" directorySegmentName="seg_0" id="A739C477-D651-FFBD-45F7-B07C44A35D32" containerWithKeyObject="761F1E65-B3E8-13EA-534A-BD57778FE27F" localFKIndex="5DFABAA2-45C3-D3B2-DCE3-BC12FABA102C" name="CLIENTE_ORGANIZACION_FK">
<createdBy>marco</createdBy>
<createdTime>2025-12-20 18:26:19 UTC</createdTime>
<generatorID>DDB5BF38-B214-E456-8BBF-54FD3EC2A5E4</generatorID>
<ownerDesignName>TrabajoCudecaER</ownerDesignName>
<referredTableLongName>ORGANIZACION</referredTableLongName>
<arc>62FA207E-C2AD-3C31-4C65-335BEC0BFF47</arc>
<deleteRule>NO ACTION</deleteRule>
<referredTableID>19286BAA-4286-4111-5B0A-401B07F7A93B</referredTableID>
<keyObject>A7A16262-BD91-2257-4A6E-1A18540CBC3C</keyObject>
<referredKeyID>A7A16262-BD91-2257-4A6E-1A18540CBC3C</referredKeyID>
<mandatory>false</mandatory>
<refColNames>ID_CLIENTE</refColNames>
<transferable>true</transferable>
<rely>false</rely>
<columnDependencyConstraintGenerateInDDL>true</columnDependencyConstraintGenerateInDDL>
</FKIndexAssociation>