<?xml version = '1.0' encoding = 'UTF-8'?>
<FKIndexAssociation class="oracle.dbtools.crest.model.design.relational.FKIndexAssociation" directorySegmentName="seg_0" id="BB27467C-4664-711E-6E87-56F5F9B93CCE" containerWithKeyObject="240096A0-DB64-5E66-0100-2FB542B3CA53" localFKIndex="2A90A607-F857-810D-9D79-AE864C545F9B" name="PERSONA_VOLUNTARIO_FK">
<createdBy>marco</createdBy>
<createdTime>2025-12-20 18:26:19 UTC</createdTime>
<generatorID>B079AC07-A972-EC68-AF2C-5E7000F6EC1D</generatorID>
<ownerDesignName>TrabajoCudecaER</ownerDesignName>
<referredTableLongName>VOLUNTARIO</referredTableLongName>
<arc>BD99E518-3600-C063-E969-216504906237</arc>
<deleteRule>NO ACTION</deleteRule>
<referredTableID>99F79D89-497E-EF5E-4C04-B89DFB9EAD7F</referredTableID>
<keyObject>375AF252-964A-21B3-E8CC-7C95E804F3C8</keyObject>
<referredKeyID>375AF252-964A-21B3-E8CC-7C95E804F3C8</referredKeyID>
<mandatory>false</mandatory>
<refColNames>ID_CLIENTE</refColNames>
<transferable>true</transferable>
<rely>false</rely>
<columnDependencyConstraintGenerateInDDL>true</columnDependencyConstraintGenerateInDDL>
</FKIndexAssociation>