<?xml version = '1.0' encoding = 'UTF-8'?>
<FKIndexAssociation class="oracle.dbtools.crest.model.design.relational.FKIndexAssociation" directorySegmentName="seg_0" id="BCF04638-DFC8-4DC3-7CD5-6A6E69F9FC53" containerWithKeyObject="E987DA29-5E29-73B5-8B5E-737EE16F6929" localFKIndex="EFB51B86-A5BE-47B8-B8D8-07341506E3F2" name="EVENTO_PTR_EVENTO_FK">
<createdBy>marco</createdBy>
<createdTime>2025-12-20 18:26:19 UTC</createdTime>
<generatorID>A76D2FC3-59F0-1E86-9919-83D9BF67DC98</generatorID>
<ownerDesignName>TrabajoCudecaER</ownerDesignName>
<referredTableLongName>EVENTO</referredTableLongName>
<deleteRule>NO ACTION</deleteRule>
<referredTableID>7D23C103-CA79-CCFB-4BF9-65302F2F8313</referredTableID>
<keyObject>B4154B5E-61A2-3077-F964-BC8F44D311CD</keyObject>
<referredKeyID>B4154B5E-61A2-3077-F964-BC8F44D311CD</referredKeyID>
<mandatory>true</mandatory>
<refColNames>ID_EVENTO</refColNames>
<transferable>true</transferable>
<rely>false</rely>
<columnDependencyConstraintGenerateInDDL>true</columnDependencyConstraintGenerateInDDL>
</FKIndexAssociation>