<?xml version = '1.0' encoding = 'UTF-8'?>
<FKIndexAssociation class="oracle.dbtools.crest.model.design.relational.FKIndexAssociation" directorySegmentName="seg_0" id="C1023559-8073-7139-63BB-4E0B6EA71C69" containerWithKeyObject="486E92B1-9B6C-21C7-0289-9DC8E3486296" localFKIndex="71E29CAC-C4C6-64B3-ED7A-9E5E658E9EA6" name="DONACION_EVENTO_FK">
<createdBy>marco</createdBy>
<createdTime>2025-12-20 18:26:19 UTC</createdTime>
<generatorID>13152778-849B-F948-44AB-A31C1E6BFC89</generatorID>
<ownerDesignName>TrabajoCudecaER</ownerDesignName>
<referredTableLongName>EVENTO</referredTableLongName>
<deleteRule>NO ACTION</deleteRule>
<referredTableID>7D23C103-CA79-CCFB-4BF9-65302F2F8313</referredTableID>
<keyObject>B4154B5E-61A2-3077-F964-BC8F44D311CD</keyObject>
<referredKeyID>B4154B5E-61A2-3077-F964-BC8F44D311CD</referredKeyID>
<mandatory>false</mandatory>
<refColNames>ID_EVENTO</refColNames>
<transferable>true</transferable>
<rely>false</rely>
<columnDependencyConstraintGenerateInDDL>true</columnDependencyConstraintGenerateInDDL>
</FKIndexAssociation>