<?xml version = '1.0' encoding = 'UTF-8'?>
<FKIndexAssociation class="oracle.dbtools.crest.model.design.relational.FKIndexAssociation" directorySegmentName="seg_0" id="D146D7FC-CF7A-8746-B7D1-E90BFD31E185" containerWithKeyObject="7C70A2D3-EBF2-5776-C8AD-B4CE9BDC962B" localFKIndex="006A6FDF-3F78-1D0C-5D0F-C043952119AA" name="RECAUDACION_EVENTO_FK">
<createdBy>marco</createdBy>
<createdTime>2025-12-20 18:26:19 UTC</createdTime>
<generatorID>DF3B8E85-D01B-49BB-5C2A-2198270CC6E1</generatorID>
<ownerDesignName>TrabajoCudecaER</ownerDesignName>
<referredTableLongName>EVENTO</referredTableLongName>
<deleteRule>NO ACTION</deleteRule>
<referredTableID>7D23C103-CA79-CCFB-4BF9-65302F2F8313</referredTableID>
<keyObject>B4154B5E-61A2-3077-F964-BC8F44D311CD</keyObject>
<referredKeyID>B4154B5E-61A2-3077-F964-BC8F44D311CD</referredKeyID>
<mandatory>true</mandatory>
<refColNames>ID_EVENTO</refColNames>
<transferable>true</transferable>
<rely>false</rely>
<columnDependencyConstraintGenerateInDDL>true</columnDependencyConstraintGenerateInDDL>
</FKIndexAssociation>