<?xml version = '1.0' encoding = 'UTF-8'?>
<FKIndexAssociation class="oracle.dbtools.crest.model.design.relational.FKIndexAssociation" directorySegmentName="seg_0" id="DEE1A6A2-B7BE-F5AE-95DD-362A59FF4FE6" containerWithKeyObject="486E92B1-9B6C-21C7-0289-9DC8E3486296" localFKIndex="3220DAB6-95E0-31E1-DF31-BA0D7EF1B661" name="DONACION_CLIENTE_FK">
<createdBy>marco</createdBy>
<createdTime>2025-12-20 18:26:19 UTC</createdTime>
<generatorID>09DEF80B-B0CB-E2D3-976E-00B57B3B1DED</generatorID>
<ownerDesignName>TrabajoCudecaER</ownerDesignName>
<referredTableLongName>CLIENTE</referredTableLongName>
<deleteRule>NO ACTION</deleteRule>
<referredTableID>761F1E65-B3E8-13EA-534A-BD57778FE27F</referredTableID>
<keyObject>2308B4C0-FE13-226E-A1BE-82DD83C53EF8</keyObject>
<referredKeyID>2308B4C0-FE13-226E-A1BE-82DD83C53EF8</referredKeyID>
<mandatory>false</mandatory>
<refColNames>ID_CLIENTE</refColNames>
<transferable>true</transferable>
<rely>false</rely>
<columnDependencyConstraintGenerateInDDL>true</columnDependencyConstraintGenerateInDDL>
</FKIndexAssociation>