<?xml version = '1.0' encoding = 'UTF-8'?>
<FKIndexAssociation class="oracle.dbtools.crest.model.design.relational.FKIndexAssociation" directorySegmentName="seg_0" id="E43D739F-CD48-17F6-34A5-71EF8B3ED223" containerWithKeyObject="2300B63D-C734-9F41-34AE-0EFE75E4B1EE" localFKIndex="ACB31A0E-F91F-3941-42DD-01BF42B2B6E5" name="TICKET_TICKET_VIP_FK">
<createdBy>marco</createdBy>
<createdTime>2025-12-20 18:26:19 UTC</createdTime>
<generatorID>0117C45D-6770-E6F9-8CC6-2228ED8352C9</generatorID>
<ownerDesignName>TrabajoCudecaER</ownerDesignName>
<referredTableLongName>TICKET_VIP</referredTableLongName>
<arc>6D7376D1-8146-9106-E0A6-04506C2691FF</arc>
<deleteRule>NO ACTION</deleteRule>
<referredTableID>29D4BAD3-83EC-ED5C-5F23-2D1C97D8180B</referredTableID>
<keyObject>BB79285F-27AF-BC57-D22C-312FD7976B7D</keyObject>
<referredKeyID>BB79285F-27AF-BC57-D22C-312FD7976B7D</referredKeyID>
<mandatory>false</mandatory>
<refColNames>ID_TICKET</refColNames>
<transferable>true</transferable>
<rely>false</rely>
<columnDependencyConstraintGenerateInDDL>true</columnDependencyConstraintGenerateInDDL>
</FKIndexAssociation>