<?xml version = '1.0' encoding = 'UTF-8'?>
<FKIndexAssociation class="oracle.dbtools.crest.model.design.relational.FKIndexAssociation" directorySegmentName="seg_0" id="F19928AC-73F7-BEA6-697B-AF13B3EBF8E7" containerWithKeyObject="2300B63D-C734-9F41-34AE-0EFE75E4B1EE" localFKIndex="D1FE2CBF-871F-5673-5A00-20C672C680D7" name="TICKET_TICKET_GENERAL_FK">
<createdBy>marco</createdBy>
<createdTime>2025-12-20 18:26:19 UTC</createdTime>
<generatorID>8F58D682-87F7-96DF-50D5-9071BB6C7464</generatorID>
<ownerDesignName>TrabajoCudecaER</ownerDesignName>
<referredTableLongName>TICKET_GENERAL</referredTableLongName>
<arc>6D7376D1-8146-9106-E0A6-04506C2691FF</arc>
<deleteRule>NO ACTION</deleteRule>
<referredTableID>5E35F0E2-C3DE-0993-4D40-8BC4DB605BAB</referredTableID>
<keyObject>A03E56D9-5FE9-1502-3CBA-734CF79747C4</keyObject>
<referredKeyID>A03E56D9-5FE9-1502-3CBA-734CF79747C4</referredKeyID>
<mandatory>false</mandatory>
<refColNames>ID_TICKET</refColNames>
<transferable>true</transferable>
<rely>false</rely>
<columnDependencyConstraintGenerateInDDL>true</columnDependencyConstraintGenerateInDDL>
</FKIndexAssociation>