<?xml version = '1.0' encoding = 'UTF-8'?>
<Diagram class="oracle.dbtools.crest.swingui.logical.DPVLogical" name="Logical" id="F030BD75-C9B8-702E-D8BC-F040F746411E">
<createdBy>Usuario</createdBy>
<modifiedBy>Usuario</modifiedBy>
<createdTime>2025-11-21 16:05:56 UTC</createdTime>
<autoRoute>false</autoRoute>
<boxInbox>true</boxInbox>
<showLegend>false</showLegend>
<showLabels>true</showLabels>
<showRelAttributes>false</showRelAttributes>
<gridEnabled>false</gridEnabled>
<showGrid>false</showGrid>
<diagramColor>-1</diagramColor>
<display>false</display>
<notation>1</notation>
<objectViews>
<OView class="oracle.dbtools.crest.swingui.logical.TVEntity" oid="3D301162-A20F-3C43-8B3E-0A72E9659D94" otype="Entity" vid="920FDDEB-D102-1461-B685-3A0E0A961FAB">
<hideElementsInCurrentOnly>false</hideElementsInCurrentOnly>
<bounds x="63" y="551" width="269" height="344"/>
</OView>
<OView class="oracle.dbtools.crest.swingui.logical.TVEntity" oid="40A97682-5C49-22E0-54E6-9D975E9702AC" otype="Entity" vid="B589BC08-DB98-90C5-988D-442229DBF973">
<hideElementsInCurrentOnly>false</hideElementsInCurrentOnly>
<bounds x="955" y="467" width="191" height="112"/>
</OView>
<OView class="oracle.dbtools.crest.swingui.logical.TVEntity" oid="4BF9F640-3F75-EEF7-7A5E-9CD6AA6CD5D1" otype="Entity" vid="FADE040B-A52E-C990-02F9-3E1D8BF3F98A">
<hideElementsInCurrentOnly>false</hideElementsInCurrentOnly>
<bounds x="955" y="346" width="191" height="107"/>
</OView>
<OView class="oracle.dbtools.crest.swingui.logical.TVEntity" oid="58AB1E09-6699-14F4-04CA-6CC17F2AF9A9" otype="Entity" vid="A95D4630-0332-ED35-D23F-848A482FC879">
<hideElementsInCurrentOnly>false</hideElementsInCurrentOnly>
<bounds x="93" y="678" width="219" height="79"/>
</OView>
<OView class="oracle.dbtools.crest.swingui.logical.TVEntity" oid="62CF9679-3079-8AB1-11E8-BBCD5FBC4FB7" otype="Entity" vid="E145C8D3-765F-0999-0FAD-6BCA1ECA102C">
<hideElementsInCurrentOnly>false</hideElementsInCurrentOnly>
<bounds x="55" y="26" width="208" height="186"/>
</OView>
<OView class="oracle.dbtools.crest.swingui.logical.TVEntity" oid="719BC720-332B-9D55-51A3-F65780591177" otype="Entity" vid="C0D3D767-A4FA-2538-9762-F88978D2873B">
<hideElementsInCurrentOnly>false</hideElementsInCurrentOnly>
<bounds x="602" y="48" width="214" height="115"/>
</OView>
<OView class="oracle.dbtools.crest.swingui.logical.TVEntity" oid="89031D90-6EFF-6701-BFE6-BF2CB8D66BC2" otype="Entity" vid="20F1E47D-1E29-CCDC-45FB-70D9F271ED70">
<hideElementsInCurrentOnly>false</hideElementsInCurrentOnly>
<bounds x="534" y="869" width="203" height="127"/>
</OView>
<OView class="oracle.dbtools.crest.swingui.logical.TVEntity" oid="94E23250-2D92-EB8D-FCB7-EB8628CE1617" otype="Entity" vid="1A2EC749-3C84-A494-62ED-0818265FB362">
<hideElementsInCurrentOnly>false</hideElementsInCurrentOnly>
<bounds x="90" y="780" width="224" height="75"/>
</OView>
<OView class="oracle.dbtools.crest.swingui.logical.TVEntity" oid="96036FEF-D156-374F-1FAB-896118B89F74" otype="Entity" vid="3C0D0D8F-303F-53BF-FCFC-D142243C2750">
<hideElementsInCurrentOnly>false</hideElementsInCurrentOnly>
<bounds x="945" y="171" width="211" height="422"/>
</OView>
<OView class="oracle.dbtools.crest.swingui.logical.TVEntity" oid="9970768C-00C4-182D-9D37-5D3194690FF3" otype="Entity" vid="1CD0B1EC-FC84-8378-88DC-0A3FE94678F0">
<hideElementsInCurrentOnly>false</hideElementsInCurrentOnly>
<bounds x="920" y="43" width="263" height="934"/>
</OView>
<OView class="oracle.dbtools.crest.swingui.logical.TVEntity" oid="C0FFBA0F-39A0-0833-77A0-20A427F5E11C" otype="Entity" vid="D4040121-FF1F-57CF-57B8-0D4F77FF7CCC">
<hideElementsInCurrentOnly>false</hideElementsInCurrentOnly>
<bounds x="385" y="240" width="215" height="243"/>
</OView>
<OView class="oracle.dbtools.crest.swingui.logical.TVEntity" oid="C4D1002A-6712-D284-2176-E0F697E19670" otype="Entity" vid="5888FB6A-7735-56B8-D818-8E9EE9A79B11">
<hideElementsInCurrentOnly>false</hideElementsInCurrentOnly>
<bounds x="949" y="745" width="206" height="117"/>
</OView>
<OView class="oracle.dbtools.crest.swingui.logical.TVEntity" oid="D60871E8-963A-BCEC-09D7-30AD567037C1" otype="Entity" vid="DE4F8F03-E6D5-0529-81A0-BCBAD74FC70C">
<hideElementsInCurrentOnly>false</hideElementsInCurrentOnly>
<bounds x="397" y="587" width="293" height="154"/>
</OView>
</objectViews>
<connectors>
<Connector class="oracle.dbtools.crest.swingui.logical.TVInheritanceRelation" oid="0117C45D-6770-E6F9-8CC6-2228ED8352C9" otype="Hierarchy relation" vid_source="920FDDEB-D102-1461-B685-3A0E0A961FAB" vid_target="A95D4630-0332-ED35-D23F-848A482FC879">
<hideElementsInCurrentOnly>false</hideElementsInCurrentOnly>
<backgroundColor>-65536</backgroundColor>
<lineWidth>1</lineWidth>
</Connector>
<Connector class="oracle.dbtools.crest.swingui.logical.TVRelation" oid="09DEF80B-B0CB-E2D3-976E-00B57B3B1DED" otype="Relation" vid_source="1CD0B1EC-FC84-8378-88DC-0A3FE94678F0" vid_target="C0D3D767-A4FA-2538-9762-F88978D2873B">
<hideElementsInCurrentOnly>false</hideElementsInCurrentOnly>
<backgroundColor>-16777216</backgroundColor>
<lineWidth>1</lineWidth>
<sourceLabel class="oracle.dbtools.crest.model.design.Label">
<site>0</site>
<labelBounds x="870" y="75" width="44" height="30"/>
<noBackgroundColor>true</noBackgroundColor>
<noForegroundColor>true</noForegroundColor>
</sourceLabel>
<targetLabel class="oracle.dbtools.crest.model.design.Label">
<site>2</site>
<labelBounds x="826" y="108" width="87" height="30"/>
<noBackgroundColor>true</noBackgroundColor>
<noForegroundColor>true</noForegroundColor>
</targetLabel>
<points>
<point x="920" y="105"/>
<point x="816" y="105"/>
</points>
</Connector>
<Connector class="oracle.dbtools.crest.swingui.logical.TVRelation" oid="13152778-849B-F948-44AB-A31C1E6BFC89" otype="Relation" vid_source="C0D3D767-A4FA-2538-9762-F88978D2873B" vid_target="D4040121-FF1F-57CF-57B8-0D4F77FF7CCC">
<hideElementsInCurrentOnly>false</hideElementsInCurrentOnly>
<backgroundColor>-16777216</backgroundColor>
<lineWidth>1</lineWidth>
<sourceLabel class="oracle.dbtools.crest.model.design.Label">
<site>0</site>
<labelBounds x="660" y="200" width="88" height="31"/>
<noBackgroundColor>true</noBackgroundColor>
<noForegroundColor>true</noForegroundColor>
</sourceLabel>
<targetLabel class="oracle.dbtools.crest.model.design.Label">
<site>2</site>
<labelBounds x="595" y="204" width="83" height="30"/>
<noBackgroundColor>true</noBackgroundColor>
<noForegroundColor>true</noForegroundColor>
</targetLabel>
<points>
<point x="660" y="163"/>
<point x="595" y="240"/>
</points>
</Connector>
<Connector class="oracle.dbtools.crest.swingui.logical.TVRelation" oid="282E91CA-F6E8-0F41-211F-CFBFB8284951" otype="Relation" vid_source="1CD0B1EC-FC84-8378-88DC-0A3FE94678F0" vid_target="DE4F8F03-E6D5-0529-81A0-BCBAD74FC70C">
<hideElementsInCurrentOnly>false</hideElementsInCurrentOnly>
<backgroundColor>-16777216</backgroundColor>
<lineWidth>1</lineWidth>
<sourceLabel class="oracle.dbtools.crest.model.design.Label">
<site>0</site>
<labelBounds x="798" y="633" width="116" height="31"/>
<noBackgroundColor>true</noBackgroundColor>
<noForegroundColor>true</noForegroundColor>
</sourceLabel>
<targetLabel class="oracle.dbtools.crest.model.design.Label">
<site>2</site>
<labelBounds x="700" y="667" width="88" height="30"/>
<noBackgroundColor>true</noBackgroundColor>
<noForegroundColor>true</noForegroundColor>
</targetLabel>
<points>
<point x="920" y="664"/>
<point x="690" y="664"/>
</points>
</Connector>
<Connector class="oracle.dbtools.crest.swingui.logical.TVInheritanceRelation" oid="376C950E-7DB2-4DA5-373E-BAC17B37A68A" otype="Hierarchy relation" vid_source="3C0D0D8F-303F-53BF-FCFC-D142243C2750" vid_target="FADE040B-A52E-C990-02F9-3E1D8BF3F98A">
<hideElementsInCurrentOnly>false</hideElementsInCurrentOnly>
<backgroundColor>-65536</backgroundColor>
<lineWidth>1</lineWidth>
</Connector>
<Connector class="oracle.dbtools.crest.swingui.logical.TVInheritanceRelation" oid="8F58D682-87F7-96DF-50D5-9071BB6C7464" otype="Hierarchy relation" vid_source="920FDDEB-D102-1461-B685-3A0E0A961FAB" vid_target="1A2EC749-3C84-A494-62ED-0818265FB362">
<hideElementsInCurrentOnly>false</hideElementsInCurrentOnly>
<backgroundColor>-65536</backgroundColor>
<lineWidth>1</lineWidth>
</Connector>
<Connector class="oracle.dbtools.crest.swingui.logical.TVRelation" oid="A249E255-BC3B-9907-6F09-883D4CDC2D37" otype="Relation" vid_source="D4040121-FF1F-57CF-57B8-0D4F77FF7CCC" vid_target="920FDDEB-D102-1461-B685-3A0E0A961FAB">
<hideElementsInCurrentOnly>false</hideElementsInCurrentOnly>
<backgroundColor>-16777216</backgroundColor>
<lineWidth>1</lineWidth>
<sourceLabel class="oracle.dbtools.crest.model.design.Label">
<site>0</site>
<labelBounds x="393" y="522" width="21" height="33"/>
<noBackgroundColor>true</noBackgroundColor>
<noForegroundColor>true</noForegroundColor>
</sourceLabel>
<targetLabel class="oracle.dbtools.crest.model.design.Label">
<site>2</site>
<labelBounds x="342" y="558" width="88" height="32"/>
<noBackgroundColor>true</noBackgroundColor>
<noForegroundColor>true</noForegroundColor>
</targetLabel>
<points>
<point x="393" y="483"/>
<point x="332" y="558"/>
</points>
</Connector>
<Connector class="oracle.dbtools.crest.swingui.logical.TVRelation" oid="A76D2FC3-59F0-1E86-9919-83D9BF67DC98" otype="Relation" vid_source="D4040121-FF1F-57CF-57B8-0D4F77FF7CCC" vid_target="DE4F8F03-E6D5-0529-81A0-BCBAD74FC70C">
<hideElementsInCurrentOnly>false</hideElementsInCurrentOnly>
<backgroundColor>-16777216</backgroundColor>
<lineWidth>1</lineWidth>
<sourceLabel class="oracle.dbtools.crest.model.design.Label">
<site>0</site>
<labelBounds x="498" y="535" width="118" height="30"/>
<noBackgroundColor>true</noBackgroundColor>
<noForegroundColor>true</noForegroundColor>
</sourceLabel>
<targetLabel class="oracle.dbtools.crest.model.design.Label">
<site>2</site>
<labelBounds x="498" y="543" width="88" height="30"/>
<noBackgroundColor>true</noBackgroundColor>
<noForegroundColor>true</noForegroundColor>
</targetLabel>
<points>
<point x="498" y="483"/>
<point x="498" y="587"/>
</points>
</Connector>
<Connector class="oracle.dbtools.crest.swingui.logical.TVRelation" oid="A8B30B5E-16E2-4FE9-CA7E-DADB094D4E4E" otype="Relation" vid_source="1CD0B1EC-FC84-8378-88DC-0A3FE94678F0" vid_target="D4040121-FF1F-57CF-57B8-0D4F77FF7CCC">
<hideElementsInCurrentOnly>false</hideElementsInCurrentOnly>
<backgroundColor>-16777216</backgroundColor>
<lineWidth>1</lineWidth>
<sourceLabel class="oracle.dbtools.crest.model.design.Label">
<site>0</site>
<labelBounds x="840" y="331" width="74" height="30"/>
<noBackgroundColor>true</noBackgroundColor>
<noForegroundColor>true</noForegroundColor>
</sourceLabel>
<targetLabel class="oracle.dbtools.crest.model.design.Label">
<site>2</site>
<labelBounds x="610" y="364" width="113" height="30"/>
<noBackgroundColor>true</noBackgroundColor>
<noForegroundColor>true</noForegroundColor>
</targetLabel>
<points>
<point x="920" y="361"/>
<point x="600" y="361"/>
</points>
</Connector>
<Connector class="oracle.dbtools.crest.swingui.logical.TVInheritanceRelation" oid="B079AC07-A972-EC68-AF2C-5E7000F6EC1D" otype="Hierarchy relation" vid_source="3C0D0D8F-303F-53BF-FCFC-D142243C2750" vid_target="B589BC08-DB98-90C5-988D-442229DBF973">
<hideElementsInCurrentOnly>false</hideElementsInCurrentOnly>
<backgroundColor>-65536</backgroundColor>
<lineWidth>1</lineWidth>
</Connector>
<Connector class="oracle.dbtools.crest.swingui.logical.TVRelation" oid="BA8DA107-465E-3841-6CB8-A8AABFB41C4D" otype="Relation" vid_source="20F1E47D-1E29-CCDC-45FB-70D9F271ED70" vid_target="1CD0B1EC-FC84-8378-88DC-0A3FE94678F0">
<hideElementsInCurrentOnly>false</hideElementsInCurrentOnly>
<backgroundColor>-16777216</backgroundColor>
<lineWidth>1</lineWidth>
<sourceLabel class="oracle.dbtools.crest.model.design.Label">
<site>0</site>
<labelBounds x="747" y="893" width="86" height="30"/>
<noBackgroundColor>true</noBackgroundColor>
<noForegroundColor>true</noForegroundColor>
</sourceLabel>
<targetLabel class="oracle.dbtools.crest.model.design.Label">
<site>2</site>
<labelBounds x="844" y="926" width="70" height="32"/>
<noBackgroundColor>true</noBackgroundColor>
<noForegroundColor>true</noForegroundColor>
</targetLabel>
<points>
<point x="737" y="923"/>
<point x="920" y="923"/>
</points>
</Connector>
<Connector class="oracle.dbtools.crest.swingui.logical.TVInheritanceRelation" oid="DDB5BF38-B214-E456-8BBF-54FD3EC2A5E4" otype="Hierarchy relation" vid_source="1CD0B1EC-FC84-8378-88DC-0A3FE94678F0" vid_target="5888FB6A-7735-56B8-D818-8E9EE9A79B11">
<hideElementsInCurrentOnly>false</hideElementsInCurrentOnly>
<backgroundColor>-65536</backgroundColor>
<lineWidth>1</lineWidth>
</Connector>
<Connector class="oracle.dbtools.crest.swingui.logical.TVRelation" oid="DF3B8E85-D01B-49BB-5C2A-2198270CC6E1" otype="Relation" vid_source="E145C8D3-765F-0999-0FAD-6BCA1ECA102C" vid_target="D4040121-FF1F-57CF-57B8-0D4F77FF7CCC">
<hideElementsInCurrentOnly>false</hideElementsInCurrentOnly>
<backgroundColor>-16777216</backgroundColor>
<lineWidth>1</lineWidth>
<sourceLabel class="oracle.dbtools.crest.model.design.Label">
<site>0</site>
<labelBounds x="273" y="194" width="107" height="66"/>
<noBackgroundColor>true</noBackgroundColor>
<noForegroundColor>true</noForegroundColor>
</sourceLabel>
<targetLabel class="oracle.dbtools.crest.model.design.Label">
<site>2</site>
<labelBounds x="295" y="283" width="84" height="30"/>
<noBackgroundColor>true</noBackgroundColor>
<noForegroundColor>true</noForegroundColor>
<targetAboveTheLine>true</targetAboveTheLine>
</targetLabel>
<points>
<point x="263" y="194"/>
<point x="385" y="283"/>
</points>
</Connector>
<Connector class="oracle.dbtools.crest.swingui.logical.TVInheritanceRelation" oid="E44CC941-CDCA-7205-651A-D87029651AAA" otype="Hierarchy relation" vid_source="1CD0B1EC-FC84-8378-88DC-0A3FE94678F0" vid_target="3C0D0D8F-303F-53BF-FCFC-D142243C2750">
<hideElementsInCurrentOnly>false</hideElementsInCurrentOnly>
<backgroundColor>-65536</backgroundColor>
<lineWidth>1</lineWidth>
</Connector>
<Connector class="oracle.dbtools.crest.swingui.logical.TVRelation" oid="FAD3E2BF-FDBD-A862-C6C3-8A1AADAFFCE5" otype="Relation" vid_source="20F1E47D-1E29-CCDC-45FB-70D9F271ED70" vid_target="920FDDEB-D102-1461-B685-3A0E0A961FAB">
<hideElementsInCurrentOnly>false</hideElementsInCurrentOnly>
<backgroundColor>-16777216</backgroundColor>
<lineWidth>1</lineWidth>
<sourceLabel class="oracle.dbtools.crest.model.design.Label">
<site>0</site>
<labelBounds x="437" y="850" width="91" height="32"/>
<noBackgroundColor>true</noBackgroundColor>
<noForegroundColor>true</noForegroundColor>
</sourceLabel>
<targetLabel class="oracle.dbtools.crest.model.design.Label">
<site>2</site>
<labelBounds x="342" y="885" width="102" height="30"/>
<noBackgroundColor>true</noBackgroundColor>
<noForegroundColor>true</noForegroundColor>
</targetLabel>
<points>
<point x="534" y="882"/>
<point x="332" y="882"/>
</points>
</Connector>
</connectors>
</Diagram>