<?xml version = '1.0' encoding = 'UTF-8'?>
<relationalModel class="oracle.dbtools.crest.model.design.relational.RelationalDesign" name="Relational_1" id="79962930-823B-D1F3-840D-B2CF069E04A3" mainViewID="C6BDCA1F-6B0B-99BA-CB01-78ED14D93BAB">
<createdBy>Usuario</createdBy>
<createdTime>2025-11-21 17:28:55 UTC</createdTime>
<ownerDesignName>TrabajoCudecaER</ownerDesignName>
<shouldBeOpen>true</shouldBeOpen>
<selectedRDBMSSite>32076570-2523-435C-2E92-BF29817DFF70</selectedRDBMSSite>
</relationalModel>