<?xml version = '1.0' encoding = 'UTF-8'?>
<InheritanceRelation class="oracle.dbtools.crest.model.design.logical.InheritanceRelation" name="Hierarchy_21" directorySegmentName="seg_0" id="376C950E-7DB2-4DA5-373E-BAC17B37A68A">
<createdBy>marco</createdBy>
<createdTime>2025-12-20 18:06:27 UTC</createdTime>
<ownerDesignName>TrabajoCudecaER</ownerDesignName>
<engineerTo>
<item key="79962930-823B-D1F3-840D-B2CF069E04A3" value="true"/>
</engineerTo>
<identifying>false</identifying>
<nameOnSource>Super Type</nameOnSource>
<nameOnTarget>Sub Type</nameOnTarget>
<optionalSource>true</optionalSource>
<optionalTarget>true</optionalTarget>
<sourceEntity>96036FEF-D156-374F-1FAB-896118B89F74</sourceEntity>
<targetEntity>4BF9F640-3F75-EEF7-7A5E-9CD6AA6CD5D1</targetEntity>
<transferable>true</transferable>
<deleteRule>NO ACTION</deleteRule>
</InheritanceRelation>