<?xml version = '1.0' encoding = 'UTF-8'?>
<InheritanceRelation class="oracle.dbtools.crest.model.design.logical.InheritanceRelation" name="Hierarchy_22" directorySegmentName="seg_0" id="B079AC07-A972-EC68-AF2C-5E7000F6EC1D">
<createdBy>marco</createdBy>
<createdTime>2025-12-20 18:06:47 UTC</createdTime>
<ownerDesignName>TrabajoCudecaER</ownerDesignName>
<engineerTo>
<item key="79962930-823B-D1F3-840D-B2CF069E04A3" value="true"/>
</engineerTo>
<identifying>false</identifying>
<nameOnSource>Super Type</nameOnSource>
<nameOnTarget>Sub Type</nameOnTarget>
<optionalSource>true</optionalSource>
<optionalTarget>true</optionalTarget>
<sourceEntity>96036FEF-D156-374F-1FAB-896118B89F74</sourceEntity>
<targetEntity>40A97682-5C49-22E0-54E6-9D975E9702AC</targetEntity>
<transferable>true</transferable>
<deleteRule>NO ACTION</deleteRule>
</InheritanceRelation>