<?xml version = '1.0' encoding = 'UTF-8'?>
<InheritanceRelation class="oracle.dbtools.crest.model.design.logical.InheritanceRelation" name="Hierarchy_24" directorySegmentName="seg_0" id="DDB5BF38-B214-E456-8BBF-54FD3EC2A5E4">
<createdBy>marco</createdBy>
<createdTime>2025-12-20 18:13:30 UTC</createdTime>
<ownerDesignName>TrabajoCudecaER</ownerDesignName>
<engineerTo>
<item key="79962930-823B-D1F3-840D-B2CF069E04A3" value="true"/>
</engineerTo>
<identifying>false</identifying>
<nameOnSource>Super Type</nameOnSource>
<nameOnTarget>Sub Type</nameOnTarget>
<optionalSource>true</optionalSource>
<optionalTarget>true</optionalTarget>
<sourceEntity>9970768C-00C4-182D-9D37-5D3194690FF3</sourceEntity>
<targetEntity>C4D1002A-6712-D284-2176-E0F697E19670</targetEntity>
<transferable>true</transferable>
<deleteRule>NO ACTION</deleteRule>
</InheritanceRelation>