<?xml version = '1.0' encoding = 'UTF-8'?>
<InheritanceRelation class="oracle.dbtools.crest.model.design.logical.InheritanceRelation" name="Hierarchy_23" directorySegmentName="seg_0" id="E44CC941-CDCA-7205-651A-D87029651AAA">
<createdBy>marco</createdBy>
<createdTime>2025-12-20 18:13:26 UTC</createdTime>
<ownerDesignName>TrabajoCudecaER</ownerDesignName>
<engineerTo>
<item key="79962930-823B-D1F3-840D-B2CF069E04A3" value="true"/>
</engineerTo>
<identifying>false</identifying>
<nameOnSource>Super Type</nameOnSource>
<nameOnTarget>Sub Type</nameOnTarget>
<optionalSource>true</optionalSource>
<optionalTarget>true</optionalTarget>
<sourceEntity>9970768C-00C4-182D-9D37-5D3194690FF3</sourceEntity>
<targetEntity>96036FEF-D156-374F-1FAB-896118B89F74</targetEntity>
<transferable>true</transferable>
<deleteRule>NO ACTION</deleteRule>
</InheritanceRelation>