<?xml version = '1.0' encoding = 'UTF-8'?>
<Diagram class="oracle.dbtools.crest.swingui.relational.DPVRelational" name="Relational_1" id="C6BDCA1F-6B0B-99BA-CB01-78ED14D93BAB">
<createdBy>Usuario</createdBy>
<modifiedBy>Usuario</modifiedBy>
<createdTime>2025-11-21 17:28:55 UTC</createdTime>
<autoRoute>false</autoRoute>
<boxInbox>true</boxInbox>
<showLegend>false</showLegend>
<showLabels>false</showLabels>
<showRelAttributes>false</showRelAttributes>
<gridEnabled>false</gridEnabled>
<showGrid>false</showGrid>
<diagramColor>-1</diagramColor>
<display>false</display>
<notation>1</notation>
<objectViews>
<OView class="oracle.dbtools.crest.swingui.relational.TVTable" oid="19286BAA-4286-4111-5B0A-401B07F7A93B" otype="Table" vid="1184A760-812D-FF7E-B58C-F6ED4CCCC802">
<hideElementsInCurrentOnly>false</hideElementsInCurrentOnly>
<bounds x="1038" y="801" width="285" height="169"/>
</OView>
<OView class="oracle.dbtools.crest.swingui.relational.TVTable" oid="20FA21E0-B41F-83A7-69FF-D2B541498FE0" otype="Table" vid="8474B8A8-723B-F97D-3D6B-A9891AA19E26">
<hideElementsInCurrentOnly>false</hideElementsInCurrentOnly>
<bounds x="459" y="699" width="290" height="142"/>
</OView>
<OView class="oracle.dbtools.crest.swingui.relational.TVTable" oid="2300B63D-C734-9F41-34AE-0EFE75E4B1EE" otype="Table" vid="D6625212-DEC0-4079-AFED-D425ADEDBCDD">
<hideElementsInCurrentOnly>false</hideElementsInCurrentOnly>
<bounds x="16" y="477" width="349" height="513"/>
</OView>
<OView class="oracle.dbtools.crest.swingui.relational.TVTable" oid="240096A0-DB64-5E66-0100-2FB542B3CA53" otype="Table" vid="1DCA1C1B-4B51-F94E-E6AC-27209DB95A1E">
<hideElementsInCurrentOnly>false</hideElementsInCurrentOnly>
<bounds x="996" y="179" width="378" height="605"/>
</OView>
<OView class="oracle.dbtools.crest.swingui.relational.TVTable" oid="29D4BAD3-83EC-ED5C-5F23-2D1C97D8180B" otype="Table" vid="2920C1C3-6BC6-3E83-1694-0CF962388338">
<hideElementsInCurrentOnly>false</hideElementsInCurrentOnly>
<bounds x="88" y="752" width="185" height="109"/>
</OView>
<OView class="oracle.dbtools.crest.swingui.relational.TVTable" oid="486E92B1-9B6C-21C7-0289-9DC8E3486296" otype="Table" vid="BDC3A714-E5EB-963C-74D7-C6D36E286BA4">
<hideElementsInCurrentOnly>false</hideElementsInCurrentOnly>
<bounds x="456" y="14" width="276" height="174"/>
</OView>
<OView class="oracle.dbtools.crest.swingui.relational.TVTable" oid="4ECCE540-64EA-1881-AD98-46313A143389" otype="Table" vid="4D317BE8-C5FA-FCAA-3FAE-37FC27A75DDE">
<hideElementsInCurrentOnly>false</hideElementsInCurrentOnly>
<bounds x="486" y="871" width="239" height="120"/>
</OView>
<OView class="oracle.dbtools.crest.swingui.relational.TVTable" oid="56278C8F-495E-799E-52DD-3AC11EDBFFBB" otype="Table" vid="AF21B2D9-BF9F-E665-033E-673CAEBBC77B">
<hideElementsInCurrentOnly>false</hideElementsInCurrentOnly>
<bounds x="419" y="205" width="376" height="123"/>
</OView>
<OView class="oracle.dbtools.crest.swingui.relational.TVTable" oid="5E35F0E2-C3DE-0993-4D40-8BC4DB605BAB" otype="Table" vid="E36DE2BB-4F96-052C-E31A-654EF5D8C43B">
<hideElementsInCurrentOnly>false</hideElementsInCurrentOnly>
<bounds x="46" y="867" width="273" height="116"/>
</OView>
<OView class="oracle.dbtools.crest.swingui.relational.TVTable" oid="761F1E65-B3E8-13EA-534A-BD57778FE27F" otype="Table" vid="B9EE8D32-F030-E8B1-3CE4-30290D3EC6B5">
<hideElementsInCurrentOnly>false</hideElementsInCurrentOnly>
<bounds x="948" y="10" width="475" height="976"/>
</OView>
<OView class="oracle.dbtools.crest.swingui.relational.TVTable" oid="7C70A2D3-EBF2-5776-C8AD-B4CE9BDC962B" otype="Table" vid="704F22A8-35F2-431B-2764-5DBF889A74F3">
<hideElementsInCurrentOnly>false</hideElementsInCurrentOnly>
<bounds x="16" y="13" width="292" height="178"/>
</OView>
<OView class="oracle.dbtools.crest.swingui.relational.TVTable" oid="7D23C103-CA79-CCFB-4BF9-65302F2F8313" otype="Table" vid="633D91FF-4952-A6B9-7227-C6C0551DC90B">
<hideElementsInCurrentOnly>false</hideElementsInCurrentOnly>
<bounds x="28" y="222" width="243" height="219"/>
</OView>
<OView class="oracle.dbtools.crest.swingui.relational.TVTable" oid="99F79D89-497E-EF5E-4C04-B89DFB9EAD7F" otype="Table" vid="9B02B3B6-3992-F45B-FDA2-4A30CDE2B8CC">
<hideElementsInCurrentOnly>false</hideElementsInCurrentOnly>
<bounds x="1042" y="621" width="273" height="130"/>
</OView>
<OView class="oracle.dbtools.crest.swingui.relational.TVTable" oid="C2ACBF46-CEF6-5895-8643-1A2349F9280F" otype="Table" vid="E0C1EBDD-07E6-72AC-5B6E-EC94831CF2FD">
<hideElementsInCurrentOnly>false</hideElementsInCurrentOnly>
<bounds x="1067" y="478" width="228" height="125"/>
</OView>
<OView class="oracle.dbtools.crest.swingui.relational.TVTable" oid="DA3C89DD-72F7-C251-8F62-F624B9C0F0CA" otype="Table" vid="A3F9ED86-A28B-6A5D-F8D3-F7D998471A65">
<hideElementsInCurrentOnly>false</hideElementsInCurrentOnly>
<bounds x="386" y="518" width="532" height="134"/>
</OView>
<OView class="oracle.dbtools.crest.swingui.relational.TVTable" oid="E987DA29-5E29-73B5-8B5E-737EE16F6929" otype="Table" vid="D857B4C0-37F9-590F-3662-9D0709D51381">
<hideElementsInCurrentOnly>false</hideElementsInCurrentOnly>
<bounds x="341" y="338" width="532" height="133"/>
</OView>
</objectViews>
<connectors>
<Connector class="oracle.dbtools.crest.swingui.relational.TVFKRelation" oid="01FCB6CF-A745-CA3C-8E45-6A482028430D" otype="FKIndexAssociation" vid_source="B9EE8D32-F030-E8B1-3CE4-30290D3EC6B5" vid_target="A3F9ED86-A28B-6A5D-F8D3-F7D998471A65">
<hideElementsInCurrentOnly>false</hideElementsInCurrentOnly>
<backgroundColor>-16777216</backgroundColor>
<lineWidth>1</lineWidth>
<points>
<point x="948" y="585"/>
<point x="918" y="585"/>
</points>
</Connector>
<Connector class="oracle.dbtools.crest.swingui.relational.TVFKRelation" oid="040512DD-1118-B205-39D8-7C2399C43F32" otype="FKIndexAssociation" vid_source="E0C1EBDD-07E6-72AC-5B6E-EC94831CF2FD" vid_target="1DCA1C1B-4B51-F94E-E6AC-27209DB95A1E">
<hideElementsInCurrentOnly>false</hideElementsInCurrentOnly>
<backgroundColor>-16777216</backgroundColor>
<lineWidth>1</lineWidth>
<points>
<point x="1067" y="540"/>
<point x="1374" y="540"/>
</points>
</Connector>
<Connector class="oracle.dbtools.crest.swingui.relational.TVFKRelation" oid="32C71F14-6EF3-9F6D-61D2-C2C8EFEE522C" otype="FKIndexAssociation" vid_source="633D91FF-4952-A6B9-7227-C6C0551DC90B" vid_target="D6625212-DEC0-4079-AFED-D425ADEDBCDD">
<hideElementsInCurrentOnly>false</hideElementsInCurrentOnly>
<backgroundColor>-16777216</backgroundColor>
<lineWidth>1</lineWidth>
<points>
<point x="149" y="441"/>
<point x="149" y="477"/>
</points>
</Connector>
<Connector class="oracle.dbtools.crest.swingui.relational.TVFKRelation" oid="3D44106D-A18F-2623-377E-D3C421A4DF67" otype="FKIndexAssociation" vid_source="4D317BE8-C5FA-FCAA-3FAE-37FC27A75DDE" vid_target="D6625212-DEC0-4079-AFED-D425ADEDBCDD">
<hideElementsInCurrentOnly>false</hideElementsInCurrentOnly>
<backgroundColor>-16777216</backgroundColor>
<lineWidth>1</lineWidth>
<points>
<point x="486" y="915"/>
<point x="365" y="915"/>
</points>
</Connector>
<Connector class="oracle.dbtools.crest.swingui.relational.TVFKRelation" oid="50E50CAA-4F77-5C93-C815-A1C7B4902BC5" otype="FKIndexAssociation" vid_source="1DCA1C1B-4B51-F94E-E6AC-27209DB95A1E" vid_target="B9EE8D32-F030-E8B1-3CE4-30290D3EC6B5">
<hideElementsInCurrentOnly>false</hideElementsInCurrentOnly>
<backgroundColor>-16777216</backgroundColor>
<lineWidth>1</lineWidth>
<points>
<point x="996" y="481"/>
<point x="1423" y="481"/>
</points>
</Connector>
<Connector class="oracle.dbtools.crest.swingui.relational.TVFKRelation" oid="607E791F-CB45-A6AD-D3C2-2A9A0CB58AA5" otype="FKIndexAssociation" vid_source="8474B8A8-723B-F97D-3D6B-A9891AA19E26" vid_target="D857B4C0-37F9-590F-3662-9D0709D51381">
<hideElementsInCurrentOnly>false</hideElementsInCurrentOnly>
<backgroundColor>-16777216</backgroundColor>
<lineWidth>1</lineWidth>
<points>
<point x="619" y="699"/>
<point x="619" y="471"/>
</points>
</Connector>
<Connector class="oracle.dbtools.crest.swingui.relational.TVFKRelation" oid="61883907-1F93-0816-74FC-2ED27E45126B" otype="FKIndexAssociation" vid_source="B9EE8D32-F030-E8B1-3CE4-30290D3EC6B5" vid_target="AF21B2D9-BF9F-E665-033E-673CAEBBC77B">
<hideElementsInCurrentOnly>false</hideElementsInCurrentOnly>
<backgroundColor>-16777216</backgroundColor>
<lineWidth>1</lineWidth>
<points>
<point x="948" y="266"/>
<point x="795" y="266"/>
</points>
</Connector>
<Connector class="oracle.dbtools.crest.swingui.relational.TVFKRelation" oid="902C15AC-E9C5-6D52-A5B2-A9A68278526D" otype="FKIndexAssociation" vid_source="8474B8A8-723B-F97D-3D6B-A9891AA19E26" vid_target="A3F9ED86-A28B-6A5D-F8D3-F7D998471A65">
<hideElementsInCurrentOnly>false</hideElementsInCurrentOnly>
<backgroundColor>-16777216</backgroundColor>
<lineWidth>1</lineWidth>
<points>
<point x="604" y="699"/>
<point x="604" y="652"/>
</points>
</Connector>
<Connector class="oracle.dbtools.crest.swingui.relational.TVFKRelation" oid="9D1236EF-8173-6BCF-0F4A-6BB25E508BC9" otype="FKIndexAssociation" vid_source="4D317BE8-C5FA-FCAA-3FAE-37FC27A75DDE" vid_target="B9EE8D32-F030-E8B1-3CE4-30290D3EC6B5">
<hideElementsInCurrentOnly>false</hideElementsInCurrentOnly>
<backgroundColor>-16777216</backgroundColor>
<lineWidth>1</lineWidth>
<points>
<point x="725" y="928"/>
<point x="948" y="928"/>
</points>
</Connector>
<Connector class="oracle.dbtools.crest.swingui.relational.TVFKRelation" oid="A6108FD0-DD7C-F85A-E291-E30643FEE06D" otype="FKIndexAssociation" vid_source="633D91FF-4952-A6B9-7227-C6C0551DC90B" vid_target="AF21B2D9-BF9F-E665-033E-673CAEBBC77B">
<hideElementsInCurrentOnly>false</hideElementsInCurrentOnly>
<backgroundColor>-16777216</backgroundColor>
<lineWidth>1</lineWidth>
<points>
<point x="271" y="290"/>
<point x="419" y="290"/>
</points>
</Connector>
<Connector class="oracle.dbtools.crest.swingui.relational.TVFKRelation" oid="A739C477-D651-FFBD-45F7-B07C44A35D32" otype="FKIndexAssociation" vid_source="1184A760-812D-FF7E-B58C-F6ED4CCCC802" vid_target="B9EE8D32-F030-E8B1-3CE4-30290D3EC6B5">
<hideElementsInCurrentOnly>false</hideElementsInCurrentOnly>
<backgroundColor>-16777216</backgroundColor>
<lineWidth>1</lineWidth>
<points>
<point x="1038" y="885"/>
<point x="1423" y="885"/>
</points>
</Connector>
<Connector class="oracle.dbtools.crest.swingui.relational.TVFKRelation" oid="BB27467C-4664-711E-6E87-56F5F9B93CCE" otype="FKIndexAssociation" vid_source="9B02B3B6-3992-F45B-FDA2-4A30CDE2B8CC" vid_target="1DCA1C1B-4B51-F94E-E6AC-27209DB95A1E">
<hideElementsInCurrentOnly>false</hideElementsInCurrentOnly>
<backgroundColor>-16777216</backgroundColor>
<lineWidth>1</lineWidth>
<points>
<point x="1042" y="686"/>
<point x="1374" y="686"/>
</points>
</Connector>
<Connector class="oracle.dbtools.crest.swingui.relational.TVFKRelation" oid="BCF04638-DFC8-4DC3-7CD5-6A6E69F9FC53" otype="FKIndexAssociation" vid_source="633D91FF-4952-A6B9-7227-C6C0551DC90B" vid_target="D857B4C0-37F9-590F-3662-9D0709D51381">
<hideElementsInCurrentOnly>false</hideElementsInCurrentOnly>
<backgroundColor>-16777216</backgroundColor>
<lineWidth>1</lineWidth>
<points>
<point x="271" y="389"/>
<point x="341" y="389"/>
</points>
</Connector>
<Connector class="oracle.dbtools.crest.swingui.relational.TVFKRelation" oid="C1023559-8073-7139-63BB-4E0B6EA71C69" otype="FKIndexAssociation" vid_source="633D91FF-4952-A6B9-7227-C6C0551DC90B" vid_target="BDC3A714-E5EB-963C-74D7-C6D36E286BA4">
<hideElementsInCurrentOnly>false</hideElementsInCurrentOnly>
<backgroundColor>-16777216</backgroundColor>
<lineWidth>1</lineWidth>
<points>
<point x="271" y="268"/>
<point x="456" y="172"/>
</points>
</Connector>
<Connector class="oracle.dbtools.crest.swingui.relational.TVFKRelation" oid="D146D7FC-CF7A-8746-B7D1-E90BFD31E185" otype="FKIndexAssociation" vid_source="633D91FF-4952-A6B9-7227-C6C0551DC90B" vid_target="704F22A8-35F2-431B-2764-5DBF889A74F3">
<hideElementsInCurrentOnly>false</hideElementsInCurrentOnly>
<backgroundColor>-16777216</backgroundColor>
<lineWidth>1</lineWidth>
<points>
<point x="149" y="222"/>
<point x="149" y="191"/>
</points>
</Connector>
<Connector class="oracle.dbtools.crest.swingui.relational.TVFKRelation" oid="DEE1A6A2-B7BE-F5AE-95DD-362A59FF4FE6" otype="FKIndexAssociation" vid_source="B9EE8D32-F030-E8B1-3CE4-30290D3EC6B5" vid_target="BDC3A714-E5EB-963C-74D7-C6D36E286BA4">
<hideElementsInCurrentOnly>false</hideElementsInCurrentOnly>
<backgroundColor>-16777216</backgroundColor>
<lineWidth>1</lineWidth>
<points>
<point x="948" y="101"/>
<point x="732" y="101"/>
</points>
</Connector>
<Connector class="oracle.dbtools.crest.swingui.relational.TVFKRelation" oid="E43D739F-CD48-17F6-34A5-71EF8B3ED223" otype="FKIndexAssociation" vid_source="2920C1C3-6BC6-3E83-1694-0CF962388338" vid_target="D6625212-DEC0-4079-AFED-D425ADEDBCDD">
<hideElementsInCurrentOnly>false</hideElementsInCurrentOnly>
<backgroundColor>-16777216</backgroundColor>
<lineWidth>1</lineWidth>
<points>
<point x="88" y="806"/>
<point x="365" y="806"/>
</points>
</Connector>
<Connector class="oracle.dbtools.crest.swingui.relational.TVFKRelation" oid="F19928AC-73F7-BEA6-697B-AF13B3EBF8E7" otype="FKIndexAssociation" vid_source="E36DE2BB-4F96-052C-E31A-654EF5D8C43B" vid_target="D6625212-DEC0-4079-AFED-D425ADEDBCDD">
<hideElementsInCurrentOnly>false</hideElementsInCurrentOnly>
<backgroundColor>-16777216</backgroundColor>
<lineWidth>1</lineWidth>
<points>
<point x="46" y="940"/>
<point x="365" y="940"/>
</points>
</Connector>
</connectors>
<arcs>
<Arc class="oracle.dbtools.crest.swingui.relational.TVFKArc" oid="62FA207E-C2AD-3C31-4C65-335BEC0BFF47" otype="FKArc" vid="9278E0DE-8B59-99D8-4972-7A0F6BEC2ECC">
<hideElementsInCurrentOnly>false</hideElementsInCurrentOnly>
<bounds x="928" y="-10" width="515" height="1016"/>
</Arc>
<Arc class="oracle.dbtools.crest.swingui.relational.TVFKArc" oid="6D7376D1-8146-9106-E0A6-04506C2691FF" otype="FKArc" vid="613F95DC-4A3C-FE07-3F16-F176BC2A13F5">
<hideElementsInCurrentOnly>false</hideElementsInCurrentOnly>
<bounds x="-4" y="457" width="389" height="553"/>
</Arc>
<Arc class="oracle.dbtools.crest.swingui.relational.TVFKArc" oid="BD99E518-3600-C063-E969-216504906237" otype="FKArc" vid="40562A17-1AE9-E439-DB34-C6BCA73E443E">
<hideElementsInCurrentOnly>false</hideElementsInCurrentOnly>
<bounds x="976" y="159" width="418" height="645"/>
</Arc>
</arcs>
</Diagram>