<?xml version = '1.0' encoding = 'UTF-8'?>
<Table class="oracle.dbtools.crest.model.design.relational.Table" directorySegmentName="seg_0" id="19286BAA-4286-4111-5B0A-401B07F7A93B" name="ORGANIZACION">
<createdBy>marco</createdBy>
<createdTime>2025-12-20 18:26:19 UTC</createdTime>
<generatorID>C4D1002A-6712-D284-2176-E0F697E19670</generatorID>
<ownerDesignName>TrabajoCudecaER</ownerDesignName>
<allowColumnReorder>false</allowColumnReorder>
<existDependencyGenerateInDDl>true</existDependencyGenerateInDDl>
<parsed>true</parsed>
<columns itemClass="oracle.dbtools.crest.model.design.relational.Column">
<Column name="ID_CLIENTE" id="DC94B503-BB36-4A46-1F54-1DE6E39F0252">
<createdBy>marco</createdBy>
<createdTime>2025-12-20 18:26:19 UTC</createdTime>
<generatorID>D4994EA8-4E01-3222-CDAB-65AFE0E9DF7A</generatorID>
<ownerDesignName>TrabajoCudecaER</ownerDesignName>
<useDomainConstraints>false</useDomainConstraints>
<use>1</use>
<logicalDatatype>LOGDT019</logicalDatatype>
<dataTypePrecision>10</dataTypePrecision>
<ownDataTypeParameters>,10,</ownDataTypeParameters>
<autoIncrementCycle>false</autoIncrementCycle>
</Column>
<Column name="ID_ORGANIZACION" id="E09829B3-C69F-86B5-8B5B-B7AF65C5A6DC">
<createdBy>marco</createdBy>
<createdTime>2025-12-20 18:26:19 UTC</createdTime>
<generatorID>F381C212-EEB3-0511-5562-61A75D2163F6</generatorID>
<ownerDesignName>TrabajoCudecaER</ownerDesignName>
<useDomainConstraints>false</useDomainConstraints>
<use>1</use>
<logicalDatatype>LOGDT019</logicalDatatype>
<dataTypePrecision>10</dataTypePrecision>
<ownDataTypeParameters>,10,</ownDataTypeParameters>
<autoIncrementCycle>false</autoIncrementCycle>
</Column>
<Column name="NOMBRE_COMERCIAL" id="D409E7A8-0971-1937-505A-EBE31A57B47F">
<createdBy>marco</createdBy>
<createdTime>2025-12-20 18:26:19 UTC</createdTime>
<generatorID>1E7224C0-23CD-8321-8482-81FFF83E6FC2</generatorID>
<ownerDesignName>TrabajoCudecaER</ownerDesignName>
<useDomainConstraints>false</useDomainConstraints>
<use>1</use>
<logicalDatatype>LOGDT024</logicalDatatype>
<dataTypeSize>200 BYTE</dataTypeSize>
<ownDataTypeParameters>200 BYTE,,</ownDataTypeParameters>
<autoIncrementCycle>false</autoIncrementCycle>
</Column>
<Column name="CIF" id="FB2D942E-1E03-4B9D-7D39-4CDD73E0CCA3">
<createdBy>marco</createdBy>
<createdTime>2025-12-20 18:26:19 UTC</createdTime>
<generatorID>28DE7348-5AEA-0CA2-DCD6-E2DB758649F3</generatorID>
<ownerDesignName>TrabajoCudecaER</ownerDesignName>
<useDomainConstraints>false</useDomainConstraints>
<use>1</use>
<logicalDatatype>LOGDT024</logicalDatatype>
<dataTypeSize>9 BYTE</dataTypeSize>
<ownDataTypeParameters>9 BYTE,,</ownDataTypeParameters>
<autoIncrementCycle>false</autoIncrementCycle>
</Column>
<Column name="CONTACTO" id="17115890-C222-A0E3-FC4C-3DCB81EBDBFE">
<createdBy>marco</createdBy>
<createdTime>2025-12-20 18:26:19 UTC</createdTime>
<generatorID>373FA72A-9645-F445-C641-944979490895</generatorID>
<ownerDesignName>TrabajoCudecaER</ownerDesignName>
<nullsAllowed>true</nullsAllowed>
<useDomainConstraints>false</useDomainConstraints>
<use>1</use>
<logicalDatatype>LOGDT024</logicalDatatype>
<dataTypeSize>200 BYTE</dataTypeSize>
<ownDataTypeParameters>200 BYTE,,</ownDataTypeParameters>
<autoIncrementCycle>false</autoIncrementCycle>
</Column>
<Column name="TIPO_ORGANIZACION" id="12F5EC43-B33D-EC80-127A-499B11772EC8">
<createdBy>marco</createdBy>
<createdTime>2025-12-20 18:26:19 UTC</createdTime>
<generatorID>ACDC9CBE-9341-BCE1-8D6A-4135FE4ADEDE</generatorID>
<ownerDesignName>TrabajoCudecaER</ownerDesignName>
<useDomainConstraints>false</useDomainConstraints>
<use>1</use>
<logicalDatatype>LOGDT024</logicalDatatype>
<dataTypeSize>50 BYTE</dataTypeSize>
<ownDataTypeParameters>50 BYTE,,</ownDataTypeParameters>
<autoIncrementCycle>false</autoIncrementCycle>
</Column>
</columns>
<indexes itemClass="oracle.dbtools.crest.model.design.relational.Index">
<ind_PK_UK id="A7A16262-BD91-2257-4A6E-1A18540CBC3C" name="ORGANIZACION_PK">
<createdBy>marco</createdBy>
<createdTime>2025-12-20 18:26:19 UTC</createdTime>
<generatorID>EFFAF832-D5E6-7445-6BD6-89D079A34F68</generatorID>
<ownerDesignName>TrabajoCudecaER</ownerDesignName>
<pk>true</pk>
<indexState>Primary Constraint</indexState>
<isSurrogateKey>false</isSurrogateKey>
<indexColumnUsage>
<colUsage columnID="DC94B503-BB36-4A46-1F54-1DE6E39F0252"/>
</indexColumnUsage>
</ind_PK_UK>
<ind_PK_UK id="634796C1-AAEF-9D62-E986-D3C004F6A110" name="ORGANIZACION_PKv1">
<createdBy>marco</createdBy>
<createdTime>2025-12-20 18:26:19 UTC</createdTime>
<generatorID>E8EECD13-55F9-172E-2E33-38D60CCF9F74</generatorID>
<ownerDesignName>TrabajoCudecaER</ownerDesignName>
<indexState>Unique Constraint</indexState>
<isSurrogateKey>false</isSurrogateKey>
<indexColumnUsage>
<colUsage columnID="E09829B3-C69F-86B5-8B5B-B7AF65C5A6DC"/>
</indexColumnUsage>
</ind_PK_UK>
<ind_PK_UK id="A478BBFB-F4C0-FE1F-7817-D2D61C7B789E" name="ORGANIZACION_CIF_UN">
<createdBy>marco</createdBy>
<createdTime>2025-12-20 18:26:19 UTC</createdTime>
<generatorID>BC4F169D-A737-2367-1124-9272B965B152</generatorID>
<ownerDesignName>TrabajoCudecaER</ownerDesignName>
<indexState>Unique Constraint</indexState>
<isSurrogateKey>false</isSurrogateKey>
<indexColumnUsage>
<colUsage columnID="FB2D942E-1E03-4B9D-7D39-4CDD73E0CCA3"/>
</indexColumnUsage>
</ind_PK_UK>
</indexes>
</Table>