<?xml version = '1.0' encoding = 'UTF-8'?>
<Table class="oracle.dbtools.crest.model.design.relational.Table" directorySegmentName="seg_0" id="2300B63D-C734-9F41-34AE-0EFE75E4B1EE" name="TICKET">
<createdBy>marco</createdBy>
<createdTime>2025-12-20 18:26:19 UTC</createdTime>
<generatorID>3D301162-A20F-3C43-8B3E-0A72E9659D94</generatorID>
<ownerDesignName>TrabajoCudecaER</ownerDesignName>
<allowColumnReorder>false</allowColumnReorder>
<existDependencyGenerateInDDl>true</existDependencyGenerateInDDl>
<parsed>true</parsed>
<columns itemClass="oracle.dbtools.crest.model.design.relational.Column">
<Column name="ID_TICKET" id="A477C227-1FBE-F760-56D6-E5BA9A9545DC">
<createdBy>marco</createdBy>
<createdTime>2025-12-20 18:26:19 UTC</createdTime>
<generatorID>BAF773A4-9D0B-6E7A-C369-2D1C816083FA</generatorID>
<ownerDesignName>TrabajoCudecaER</ownerDesignName>
<useDomainConstraints>false</useDomainConstraints>
<use>1</use>
<logicalDatatype>LOGDT019</logicalDatatype>
<dataTypePrecision>10</dataTypePrecision>
<ownDataTypeParameters>,10,</ownDataTypeParameters>
<autoIncrementCycle>false</autoIncrementCycle>
</Column>
<Column name="INFORMACION" id="8D625953-5446-52F9-EBF1-A9DF04E8ED9C">
<createdBy>marco</createdBy>
<createdTime>2025-12-20 18:26:19 UTC</createdTime>
<generatorID>BB930B9B-94A1-D25F-DC67-4F0BF4C8FCA1</generatorID>
<ownerDesignName>TrabajoCudecaER</ownerDesignName>
<nullsAllowed>true</nullsAllowed>
<useDomainConstraints>false</useDomainConstraints>
<use>1</use>
<logicalDatatype>LOGDT024</logicalDatatype>
<dataTypeSize>300 BYTE</dataTypeSize>
<ownDataTypeParameters>300 BYTE,,</ownDataTypeParameters>
<autoIncrementCycle>false</autoIncrementCycle>
</Column>
<Column name="NOMINATIVO" id="BD15CAF3-6966-EB5E-626B-95BD27A5539F">
<createdBy>marco</createdBy>
<createdTime>2025-12-20 18:26:19 UTC</createdTime>
<generatorID>E9068826-9069-EDE0-B6B0-F99393A89279</generatorID>
<ownerDesignName>TrabajoCudecaER</ownerDesignName>
<useDomainConstraints>false</useDomainConstraints>
<use>1</use>
<logicalDatatype>LOGDT024</logicalDatatype>
<dataTypeSize>1 BYTE</dataTypeSize>
<ownDataTypeParameters>1 BYTE,,</ownDataTypeParameters>
<autoIncrementCycle>false</autoIncrementCycle>
</Column>
<Column name="ESTADO" id="47DCA781-EA82-0E5F-ED39-07E27EFC090A">
<createdBy>marco</createdBy>
<createdTime>2025-12-20 18:26:19 UTC</createdTime>
<generatorID>A7A06896-F2B4-0967-AF27-88C2DBC08FDC</generatorID>
<ownerDesignName>TrabajoCudecaER</ownerDesignName>
<useDomainConstraints>false</useDomainConstraints>
<use>1</use>
<logicalDatatype>LOGDT025</logicalDatatype>
<dataTypeSize>1 BYTE</dataTypeSize>
<ownDataTypeParameters>1 BYTE,,</ownDataTypeParameters>
<autoIncrementCycle>false</autoIncrementCycle>
</Column>
<Column name="CODIGO_QR" id="B93B6BA8-6F1E-94A3-CB31-5F76E7D2C3C2">
<createdBy>marco</createdBy>
<createdTime>2025-12-20 18:26:19 UTC</createdTime>
<generatorID>8F2401B5-A1B5-00D6-03FC-FF5A15F4AFBE</generatorID>
<ownerDesignName>TrabajoCudecaER</ownerDesignName>
<useDomainConstraints>false</useDomainConstraints>
<use>1</use>
<logicalDatatype>LOGDT024</logicalDatatype>
<dataTypeSize>300 BYTE</dataTypeSize>
<ownDataTypeParameters>300 BYTE,,</ownDataTypeParameters>
<autoIncrementCycle>false</autoIncrementCycle>
</Column>
<Column name="EVENTO_ID_EVENTO" id="3CE8D7FE-4AD0-92DC-44A0-B72D43C077AE">
<createdBy>marco</createdBy>
<createdTime>2025-12-20 18:26:19 UTC</createdTime>
<generatorID>6864CF88-504E-4998-07E4-484813549FD3</generatorID>
<ownerDesignName>TrabajoCudecaER</ownerDesignName>
<useDomainConstraints>false</useDomainConstraints>
<use>1</use>
<logicalDatatype>LOGDT019</logicalDatatype>
<dataTypePrecision>10</dataTypePrecision>
<ownDataTypeParameters>,,</ownDataTypeParameters>
<previousColumn>false</previousColumn>
<autoIncrementCycle>false</autoIncrementCycle>
<associations>
<colAssociation fkAssociation="32C71F14-6EF3-9F6D-61D2-C2C8EFEE522C" referredColumn="A4505735-EE28-3846-DF41-80B891E12FA9"/>
</associations>
</Column>
<Column name="VENTA_ID_VENTA" id="159FD614-2B2C-9818-A7D6-D605B7BC86C0">
<createdBy>marco</createdBy>
<createdTime>2025-12-20 18:26:19 UTC</createdTime>
<generatorID>3353846A-7348-73AF-435D-2F688EDA3673</generatorID>
<ownerDesignName>TrabajoCudecaER</ownerDesignName>
<useDomainConstraints>false</useDomainConstraints>
<use>1</use>
<logicalDatatype>LOGDT019</logicalDatatype>
<dataTypePrecision>10</dataTypePrecision>
<ownDataTypeParameters>,,</ownDataTypeParameters>
<previousColumn>false</previousColumn>
<autoIncrementCycle>false</autoIncrementCycle>
<associations>
<colAssociation fkAssociation="3D44106D-A18F-2623-377E-D3C421A4DF67" referredColumn="B2C7040F-6C6C-37C2-E969-4D5DC628F450"/>
</associations>
</Column>
<Column name="ASIGNACION" id="0071DF7D-C13C-5DBE-023F-756B86D9D814">
<createdBy>marco</createdBy>
<createdTime>2025-12-20 18:26:19 UTC</createdTime>
<generatorID>7A00A141-E611-60F8-27B6-66919086DFE1</generatorID>
<ownerDesignName>TrabajoCudecaER</ownerDesignName>
<nullsAllowed>true</nullsAllowed>
<useDomainConstraints>false</useDomainConstraints>
<use>1</use>
<logicalDatatype>LOGDT024</logicalDatatype>
<dataTypeSize>30 BYTE</dataTypeSize>
<ownDataTypeParameters>30 BYTE,,</ownDataTypeParameters>
<autoIncrementCycle>false</autoIncrementCycle>
</Column>
<Column name="TIPO_TICKET" id="F5DB8EE4-A058-36B6-CC13-422F9AA8B7CD">
<createdBy>marco</createdBy>
<createdTime>2025-12-20 18:26:19 UTC</createdTime>
<generatorID>7B0F5CE0-EBCF-C8DF-6620-571864D065F9</generatorID>
<ownerDesignName>TrabajoCudecaER</ownerDesignName>
<constraintName>CHK_TIPO_TICKET</constraintName>
<useDomainConstraints>false</useDomainConstraints>
<use>1</use>
<logicalDatatype>LOGDT025</logicalDatatype>
<dataTypeSize>14</dataTypeSize>
<listOfValues>
<valueDef value="TICKET" description="entity TICKET"/>
<valueDef value="TICKET_GENERAL" description="entity TICKET_GENERAL"/>
<valueDef value="TICKET_VIP" description="entity TICKET_VIP"/>
</listOfValues>
<ownDataTypeParameters>14,,</ownDataTypeParameters>
<autoIncrementCycle>false</autoIncrementCycle>
<isDiscriminatorColumn>true</isDiscriminatorColumn>
</Column>
<Column name="TICKET_VIP_ID_TICKET" id="32BE6AEB-6414-9928-2BE6-2795D89F7CA8">
<createdBy>marco</createdBy>
<createdTime>2025-12-20 18:26:19 UTC</createdTime>
<ownerDesignName>TrabajoCudecaER</ownerDesignName>
<nullsAllowed>true</nullsAllowed>
<useDomainConstraints>false</useDomainConstraints>
<use>1</use>
<logicalDatatype>LOGDT019</logicalDatatype>
<dataTypePrecision>10</dataTypePrecision>
<ownDataTypeParameters>,,</ownDataTypeParameters>
<previousColumn>false</previousColumn>
<autoIncrementCycle>false</autoIncrementCycle>
<associations>
<colAssociation fkAssociation="E43D739F-CD48-17F6-34A5-71EF8B3ED223" referredColumn="82E61C88-6DA7-FB08-F5D4-5F44FDA551BA"/>
</associations>
</Column>
<Column name="TICKET_GENERAL_ID_TICKET" id="9A5B2974-F906-415D-EA2E-3F98C82D8C8D">
<createdBy>marco</createdBy>
<createdTime>2025-12-20 18:26:19 UTC</createdTime>
<ownerDesignName>TrabajoCudecaER</ownerDesignName>
<nullsAllowed>true</nullsAllowed>
<useDomainConstraints>false</useDomainConstraints>
<use>1</use>
<logicalDatatype>LOGDT019</logicalDatatype>
<dataTypePrecision>10</dataTypePrecision>
<ownDataTypeParameters>,,</ownDataTypeParameters>
<previousColumn>false</previousColumn>
<autoIncrementCycle>false</autoIncrementCycle>
<associations>
<colAssociation fkAssociation="F19928AC-73F7-BEA6-697B-AF13B3EBF8E7" referredColumn="72FB22CB-C3AB-8341-7216-8F81ECA282B9"/>
</associations>
</Column>
</columns>
<indexes itemClass="oracle.dbtools.crest.model.design.relational.Index">
<ind_PK_UK id="34A17F13-003C-0EC4-B0E8-8FA06A09F1EC" name="TICKET_PK">
<createdBy>marco</createdBy>
<createdTime>2025-12-20 18:26:19 UTC</createdTime>
<generatorID>E6D0034D-2025-B502-92E7-D4037E89D7D6</generatorID>
<ownerDesignName>TrabajoCudecaER</ownerDesignName>
<pk>true</pk>
<indexState>Primary Constraint</indexState>
<isSurrogateKey>false</isSurrogateKey>
<indexColumnUsage>
<colUsage columnID="A477C227-1FBE-F760-56D6-E5BA9A9545DC"/>
</indexColumnUsage>
</ind_PK_UK>
<ind_PK_UK id="FCF40B3C-F061-69BB-9030-CC8524C9BC2E" name="TICKET_CODIGO_QR_UN">
<createdBy>marco</createdBy>
<createdTime>2025-12-20 18:26:19 UTC</createdTime>
<generatorID>0107FD0C-E958-859C-DF6C-1711B9C658F9</generatorID>
<ownerDesignName>TrabajoCudecaER</ownerDesignName>
<indexState>Unique Constraint</indexState>
<isSurrogateKey>false</isSurrogateKey>
<indexColumnUsage>
<colUsage columnID="B93B6BA8-6F1E-94A3-CB31-5F76E7D2C3C2"/>
</indexColumnUsage>
</ind_PK_UK>
<ind_PK_UK id="ACB31A0E-F91F-3941-42DD-01BF42B2B6E5" name="TICKET_TICKET_VIP_FK">
<createdBy>marco</createdBy>
<createdTime>2025-12-20 18:26:19 UTC</createdTime>
<generatorID>0117C45D-6770-E6F9-8CC6-2228ED8352C9</generatorID>
<ownerDesignName>TrabajoCudecaER</ownerDesignName>
<indexState>Foreign Key</indexState>
<isSurrogateKey>false</isSurrogateKey>
<indexColumnUsage>
<colUsage columnID="32BE6AEB-6414-9928-2BE6-2795D89F7CA8"/>
</indexColumnUsage>
</ind_PK_UK>
<ind_PK_UK id="D1FE2CBF-871F-5673-5A00-20C672C680D7" name="TICKET_TICKET_GENERAL_FK">
<createdBy>marco</createdBy>
<createdTime>2025-12-20 18:26:19 UTC</createdTime>
<generatorID>8F58D682-87F7-96DF-50D5-9071BB6C7464</generatorID>
<ownerDesignName>TrabajoCudecaER</ownerDesignName>
<indexState>Foreign Key</indexState>
<isSurrogateKey>false</isSurrogateKey>
<indexColumnUsage>
<colUsage columnID="9A5B2974-F906-415D-EA2E-3F98C82D8C8D"/>
</indexColumnUsage>
</ind_PK_UK>
<ind_PK_UK id="59857D7E-A188-B58F-8588-6F6D2CD6D635" name="TICKET_EVENTO_FK">
<createdBy>marco</createdBy>
<createdTime>2025-12-20 18:26:19 UTC</createdTime>
<generatorID>A249E255-BC3B-9907-6F09-883D4CDC2D37</generatorID>
<ownerDesignName>TrabajoCudecaER</ownerDesignName>
<indexState>Foreign Key</indexState>
<isSurrogateKey>false</isSurrogateKey>
<indexColumnUsage>
<colUsage columnID="3CE8D7FE-4AD0-92DC-44A0-B72D43C077AE"/>
</indexColumnUsage>
</ind_PK_UK>
<ind_PK_UK id="5A091C9F-2258-E1FD-2B32-68E37F7C9409" name="TICKET_VENTA_FK">
<createdBy>marco</createdBy>
<createdTime>2025-12-20 18:26:19 UTC</createdTime>
<generatorID>FAD3E2BF-FDBD-A862-C6C3-8A1AADAFFCE5</generatorID>
<ownerDesignName>TrabajoCudecaER</ownerDesignName>
<indexState>Foreign Key</indexState>
<isSurrogateKey>false</isSurrogateKey>
<indexColumnUsage>
<colUsage columnID="159FD614-2B2C-9818-A7D6-D605B7BC86C0"/>
</indexColumnUsage>
</ind_PK_UK>
</indexes>
</Table>