<?xml version = '1.0' encoding = 'UTF-8'?>
<Table class="oracle.dbtools.crest.model.design.relational.Table" directorySegmentName="seg_0" id="240096A0-DB64-5E66-0100-2FB542B3CA53" name="PERSONA">
<createdBy>marco</createdBy>
<createdTime>2025-12-20 18:26:19 UTC</createdTime>
<generatorID>96036FEF-D156-374F-1FAB-896118B89F74</generatorID>
<ownerDesignName>TrabajoCudecaER</ownerDesignName>
<allowColumnReorder>false</allowColumnReorder>
<existDependencyGenerateInDDl>true</existDependencyGenerateInDDl>
<parsed>true</parsed>
<columns itemClass="oracle.dbtools.crest.model.design.relational.Column">
<Column name="ID_CLIENTE" id="FC0FA44B-C1C4-943D-CB46-218CD2B9C9E5">
<createdBy>marco</createdBy>
<createdTime>2025-12-20 18:26:19 UTC</createdTime>
<generatorID>D4994EA8-4E01-3222-CDAB-65AFE0E9DF7A</generatorID>
<ownerDesignName>TrabajoCudecaER</ownerDesignName>
<useDomainConstraints>false</useDomainConstraints>
<use>1</use>
<logicalDatatype>LOGDT019</logicalDatatype>
<dataTypePrecision>10</dataTypePrecision>
<ownDataTypeParameters>,10,</ownDataTypeParameters>
<autoIncrementCycle>false</autoIncrementCycle>
</Column>
<Column name="ID_PERSONA" id="87DA3C96-2AB8-71D1-47F5-02C4692C0648">
<createdBy>marco</createdBy>
<createdTime>2025-12-20 18:26:19 UTC</createdTime>
<generatorID>3AF13DE7-8420-DC5E-CCCE-3BD241DD6BA1</generatorID>
<ownerDesignName>TrabajoCudecaER</ownerDesignName>
<useDomainConstraints>false</useDomainConstraints>
<use>1</use>
<logicalDatatype>LOGDT019</logicalDatatype>
<dataTypePrecision>10</dataTypePrecision>
<ownDataTypeParameters>,10,</ownDataTypeParameters>
<autoIncrementCycle>false</autoIncrementCycle>
</Column>
<Column name="DNI" id="09326F90-9254-9F7C-AE24-DA20C4A9FEFD">
<createdBy>marco</createdBy>
<createdTime>2025-12-20 18:26:19 UTC</createdTime>
<generatorID>BB436EB2-B3A0-AF6D-0C9D-2280E1FD4CA2</generatorID>
<ownerDesignName>TrabajoCudecaER</ownerDesignName>
<useDomainConstraints>false</useDomainConstraints>
<use>1</use>
<logicalDatatype>LOGDT024</logicalDatatype>
<dataTypeSize>9 BYTE</dataTypeSize>
<ownDataTypeParameters>9 BYTE,,</ownDataTypeParameters>
<autoIncrementCycle>false</autoIncrementCycle>
</Column>
<Column name="NOMBRE" id="E8B70530-67CC-E0C4-2191-98DE38B5976F">
<createdBy>marco</createdBy>
<createdTime>2025-12-20 18:26:19 UTC</createdTime>
<generatorID>700516C5-3EA5-59CC-C814-2BBD3EE59AEC</generatorID>
<ownerDesignName>TrabajoCudecaER</ownerDesignName>
<useDomainConstraints>false</useDomainConstraints>
<use>1</use>
<logicalDatatype>LOGDT024</logicalDatatype>
<dataTypeSize>20 BYTE</dataTypeSize>
<ownDataTypeParameters>20 BYTE,,</ownDataTypeParameters>
<autoIncrementCycle>false</autoIncrementCycle>
</Column>
<Column name="APELLIDOS" id="3C68942C-2EE9-8D94-7FCD-67A486A6C353">
<createdBy>marco</createdBy>
<createdTime>2025-12-20 18:26:19 UTC</createdTime>
<generatorID>22B67146-A034-6288-9D9B-3EC79F50C698</generatorID>
<ownerDesignName>TrabajoCudecaER</ownerDesignName>
<useDomainConstraints>false</useDomainConstraints>
<use>1</use>
<logicalDatatype>LOGDT024</logicalDatatype>
<dataTypeSize>20 BYTE</dataTypeSize>
<ownDataTypeParameters>20 BYTE,,</ownDataTypeParameters>
<autoIncrementCycle>false</autoIncrementCycle>
</Column>
<Column name="EMAIL" id="93597DCF-ED0A-CFC2-A850-507F5B41FEA1">
<createdBy>marco</createdBy>
<createdTime>2025-12-20 18:26:19 UTC</createdTime>
<generatorID>61689556-1085-3182-C331-5110090AC396</generatorID>
<ownerDesignName>TrabajoCudecaER</ownerDesignName>
<useDomainConstraints>false</useDomainConstraints>
<use>1</use>
<logicalDatatype>LOGDT024</logicalDatatype>
<dataTypeSize>20 BYTE</dataTypeSize>
<ownDataTypeParameters>20 BYTE,,</ownDataTypeParameters>
<autoIncrementCycle>false</autoIncrementCycle>
</Column>
<Column name="TELEFONO" id="29EC4D45-4C0D-042C-7903-F8F814AF91FA">
<createdBy>marco</createdBy>
<createdTime>2025-12-20 18:26:19 UTC</createdTime>
<generatorID>4B35353A-3017-4ABD-28A9-0EE273B21D90</generatorID>
<ownerDesignName>TrabajoCudecaER</ownerDesignName>
<useDomainConstraints>false</useDomainConstraints>
<use>1</use>
<logicalDatatype>LOGDT019</logicalDatatype>
<dataTypePrecision>9</dataTypePrecision>
<ownDataTypeParameters>,9,</ownDataTypeParameters>
<autoIncrementCycle>false</autoIncrementCycle>
</Column>
<Column name="DIRECCION" id="B582247D-9110-705F-C73B-1452B0F3B79B">
<createdBy>marco</createdBy>
<createdTime>2025-12-20 18:26:19 UTC</createdTime>
<generatorID>C96782F1-40A2-4640-EEFA-B041D3B49545</generatorID>
<ownerDesignName>TrabajoCudecaER</ownerDesignName>
<nullsAllowed>true</nullsAllowed>
<useDomainConstraints>false</useDomainConstraints>
<use>1</use>
<logicalDatatype>LOGDT024</logicalDatatype>
<dataTypeSize>100 BYTE</dataTypeSize>
<ownDataTypeParameters>100 BYTE,,</ownDataTypeParameters>
<autoIncrementCycle>false</autoIncrementCycle>
</Column>
<Column name="ACEPTA_COMUNICACIONES" id="A9FDF278-2033-6B8D-1662-4420B1CE44B3">
<createdBy>marco</createdBy>
<createdTime>2025-12-20 18:26:19 UTC</createdTime>
<generatorID>2A8451E6-55DA-0734-6C15-6553AB5B5C02</generatorID>
<ownerDesignName>TrabajoCudecaER</ownerDesignName>
<useDomainConstraints>false</useDomainConstraints>
<use>1</use>
<logicalDatatype>LOGDT025</logicalDatatype>
<dataTypeSize>1 BYTE</dataTypeSize>
<ownDataTypeParameters>1 BYTE,,</ownDataTypeParameters>
<autoIncrementCycle>false</autoIncrementCycle>
</Column>
<Column name="NECESITA_ASIST" id="117F36FA-5B24-C169-8957-A18724A8449B">
<createdBy>marco</createdBy>
<createdTime>2025-12-20 18:26:19 UTC</createdTime>
<generatorID>683C66C9-82FF-5ABC-E794-B4327F8497E4</generatorID>
<ownerDesignName>TrabajoCudecaER</ownerDesignName>
<useDomainConstraints>false</useDomainConstraints>
<use>1</use>
<logicalDatatype>LOGDT025</logicalDatatype>
<dataTypeSize>1 BYTE</dataTypeSize>
<ownDataTypeParameters>1 BYTE,,</ownDataTypeParameters>
<autoIncrementCycle>false</autoIncrementCycle>
</Column>
<Column name="ROL" id="99DC0F86-2D48-5375-00E0-32F892695897">
<createdBy>marco</createdBy>
<createdTime>2025-12-20 18:26:19 UTC</createdTime>
<generatorID>75E629DF-3DC9-B928-274C-003DA0F15841</generatorID>
<ownerDesignName>TrabajoCudecaER</ownerDesignName>
<constraintName>CHK_TIPO_PERS</constraintName>
<useDomainConstraints>false</useDomainConstraints>
<use>1</use>
<logicalDatatype>LOGDT025</logicalDatatype>
<dataTypeSize>10</dataTypeSize>
<listOfValues>
<valueDef value="PERSONA" description="entity PERSONA"/>
<valueDef value="SOCIO" description="entity SOCIO"/>
<valueDef value="VOLUNTARIO" description="entity VOLUNTARIO"/>
</listOfValues>
<ownDataTypeParameters>10,,</ownDataTypeParameters>
<autoIncrementCycle>false</autoIncrementCycle>
<isDiscriminatorColumn>true</isDiscriminatorColumn>
</Column>
<Column name="SOCIO_ID_CLIENTE" id="EBD1B477-5CCB-7568-B8BA-9B28B7C5B353">
<createdBy>marco</createdBy>
<createdTime>2025-12-20 18:26:19 UTC</createdTime>
<ownerDesignName>TrabajoCudecaER</ownerDesignName>
<nullsAllowed>true</nullsAllowed>
<useDomainConstraints>false</useDomainConstraints>
<use>1</use>
<logicalDatatype>LOGDT019</logicalDatatype>
<dataTypePrecision>10</dataTypePrecision>
<ownDataTypeParameters>,,</ownDataTypeParameters>
<previousColumn>false</previousColumn>
<autoIncrementCycle>false</autoIncrementCycle>
<associations>
<colAssociation fkAssociation="040512DD-1118-B205-39D8-7C2399C43F32" referredColumn="B3548604-A78F-F925-FD7F-C43FA79967C2"/>
</associations>
</Column>
<Column name="VOLUNTARIO_ID_CLIENTE" id="B82AFB00-344F-F037-A117-8105FC9A5078">
<createdBy>marco</createdBy>
<createdTime>2025-12-20 18:26:19 UTC</createdTime>
<ownerDesignName>TrabajoCudecaER</ownerDesignName>
<nullsAllowed>true</nullsAllowed>
<useDomainConstraints>false</useDomainConstraints>
<use>1</use>
<logicalDatatype>LOGDT019</logicalDatatype>
<dataTypePrecision>10</dataTypePrecision>
<ownDataTypeParameters>,,</ownDataTypeParameters>
<previousColumn>false</previousColumn>
<autoIncrementCycle>false</autoIncrementCycle>
<associations>
<colAssociation fkAssociation="BB27467C-4664-711E-6E87-56F5F9B93CCE" referredColumn="F5FEC2E3-A553-B423-BB44-13B9D535365F"/>
</associations>
</Column>
</columns>
<indexes itemClass="oracle.dbtools.crest.model.design.relational.Index">
<ind_PK_UK id="0F9CB5B6-AC2E-F734-91A7-803EC4C6BD3F" name="PERSONA_PK">
<createdBy>marco</createdBy>
<createdTime>2025-12-20 18:26:19 UTC</createdTime>
<generatorID>EFFAF832-D5E6-7445-6BD6-89D079A34F68</generatorID>
<ownerDesignName>TrabajoCudecaER</ownerDesignName>
<pk>true</pk>
<indexState>Primary Constraint</indexState>
<isSurrogateKey>false</isSurrogateKey>
<indexColumnUsage>
<colUsage columnID="FC0FA44B-C1C4-943D-CB46-218CD2B9C9E5"/>
</indexColumnUsage>
</ind_PK_UK>
<ind_PK_UK id="04F37C33-AFBD-9735-CEA7-C3F1F7C1D014" name="PERSONA_PKv1">
<createdBy>marco</createdBy>
<createdTime>2025-12-20 18:26:19 UTC</createdTime>
<generatorID>98992DCB-2AD5-A994-013B-CD3EE5252FB8</generatorID>
<ownerDesignName>TrabajoCudecaER</ownerDesignName>
<indexState>Unique Constraint</indexState>
<isSurrogateKey>false</isSurrogateKey>
<indexColumnUsage>
<colUsage columnID="87DA3C96-2AB8-71D1-47F5-02C4692C0648"/>
</indexColumnUsage>
</ind_PK_UK>
<ind_PK_UK id="7511F7B9-41EE-4478-00F4-F3D9C3ABC37E" name="PERSONA_DNI_UN">
<createdBy>marco</createdBy>
<createdTime>2025-12-20 18:26:19 UTC</createdTime>
<generatorID>BB22E9CA-19F7-CB66-D71B-7627A16B9D03</generatorID>
<ownerDesignName>TrabajoCudecaER</ownerDesignName>
<indexState>Unique Constraint</indexState>
<isSurrogateKey>false</isSurrogateKey>
<indexColumnUsage>
<colUsage columnID="09326F90-9254-9F7C-AE24-DA20C4A9FEFD"/>
</indexColumnUsage>
</ind_PK_UK>
<ind_PK_UK id="57191AC4-030E-DB7C-AC93-4545ECE41631" name="PERSONA_SOCIO_FK">
<createdBy>marco</createdBy>
<createdTime>2025-12-20 18:26:19 UTC</createdTime>
<generatorID>376C950E-7DB2-4DA5-373E-BAC17B37A68A</generatorID>
<ownerDesignName>TrabajoCudecaER</ownerDesignName>
<indexState>Foreign Key</indexState>
<isSurrogateKey>false</isSurrogateKey>
<indexColumnUsage>
<colUsage columnID="EBD1B477-5CCB-7568-B8BA-9B28B7C5B353"/>
</indexColumnUsage>
</ind_PK_UK>
<ind_PK_UK id="2A90A607-F857-810D-9D79-AE864C545F9B" name="PERSONA_VOLUNTARIO_FK">
<createdBy>marco</createdBy>
<createdTime>2025-12-20 18:26:19 UTC</createdTime>
<generatorID>B079AC07-A972-EC68-AF2C-5E7000F6EC1D</generatorID>
<ownerDesignName>TrabajoCudecaER</ownerDesignName>
<indexState>Foreign Key</indexState>
<isSurrogateKey>false</isSurrogateKey>
<indexColumnUsage>
<colUsage columnID="B82AFB00-344F-F037-A117-8105FC9A5078"/>
</indexColumnUsage>
</ind_PK_UK>
</indexes>
</Table>