<?xml version = '1.0' encoding = 'UTF-8'?>
<Table class="oracle.dbtools.crest.model.design.relational.Table" directorySegmentName="seg_0" id="29D4BAD3-83EC-ED5C-5F23-2D1C97D8180B" name="TICKET_VIP">
<createdBy>marco</createdBy>
<createdTime>2025-12-20 18:26:19 UTC</createdTime>
<generatorID>58AB1E09-6699-14F4-04CA-6CC17F2AF9A9</generatorID>
<ownerDesignName>TrabajoCudecaER</ownerDesignName>
<allowColumnReorder>false</allowColumnReorder>
<existDependencyGenerateInDDl>true</existDependencyGenerateInDDl>
<parsed>true</parsed>
<columns itemClass="oracle.dbtools.crest.model.design.relational.Column">
<Column name="ID_TICKET" id="82E61C88-6DA7-FB08-F5D4-5F44FDA551BA">
<createdBy>marco</createdBy>
<createdTime>2025-12-20 18:26:19 UTC</createdTime>
<generatorID>BAF773A4-9D0B-6E7A-C369-2D1C816083FA</generatorID>
<ownerDesignName>TrabajoCudecaER</ownerDesignName>
<useDomainConstraints>false</useDomainConstraints>
<use>1</use>
<logicalDatatype>LOGDT019</logicalDatatype>
<dataTypePrecision>10</dataTypePrecision>
<ownDataTypeParameters>,10,</ownDataTypeParameters>
<autoIncrementCycle>false</autoIncrementCycle>
</Column>
<Column name="ID_VIP" id="69E9F597-B75F-AD9B-A505-8778CCEEB359">
<createdBy>marco</createdBy>
<createdTime>2025-12-20 18:26:19 UTC</createdTime>
<generatorID>EA0EB94F-3D59-0B9A-3B13-C4AE49DAEBAE</generatorID>
<ownerDesignName>TrabajoCudecaER</ownerDesignName>
<useDomainConstraints>false</useDomainConstraints>
<use>1</use>
<logicalDatatype>LOGDT019</logicalDatatype>
<dataTypePrecision>10</dataTypePrecision>
<ownDataTypeParameters>,10,</ownDataTypeParameters>
<autoIncrementCycle>false</autoIncrementCycle>
</Column>
<Column name="PRECIO" id="B76C63DE-1A06-A03A-6E6E-25AB7085C42B">
<createdBy>marco</createdBy>
<createdTime>2025-12-20 18:26:19 UTC</createdTime>
<generatorID>8114BFD8-FC53-F6DB-D207-8A8038658882</generatorID>
<ownerDesignName>TrabajoCudecaER</ownerDesignName>
<useDomainConstraints>false</useDomainConstraints>
<use>1</use>
<logicalDatatype>LOGDT019</logicalDatatype>
<dataTypePrecision>10</dataTypePrecision>
<dataTypeScale>2</dataTypeScale>
<ownDataTypeParameters>,10,2</ownDataTypeParameters>
<autoIncrementCycle>false</autoIncrementCycle>
</Column>
</columns>
<indexes itemClass="oracle.dbtools.crest.model.design.relational.Index">
<ind_PK_UK id="BB79285F-27AF-BC57-D22C-312FD7976B7D" name="TICKET_VIP_PK">
<createdBy>marco</createdBy>
<createdTime>2025-12-20 18:26:19 UTC</createdTime>
<generatorID>E6D0034D-2025-B502-92E7-D4037E89D7D6</generatorID>
<ownerDesignName>TrabajoCudecaER</ownerDesignName>
<pk>true</pk>
<indexState>Primary Constraint</indexState>
<isSurrogateKey>false</isSurrogateKey>
<indexColumnUsage>
<colUsage columnID="82E61C88-6DA7-FB08-F5D4-5F44FDA551BA"/>
</indexColumnUsage>
</ind_PK_UK>
<ind_PK_UK id="B84B0D14-5174-B05D-B8D9-571F5560D1FC" name="TICKET_VIP_PKv1">
<createdBy>marco</createdBy>
<createdTime>2025-12-20 18:26:19 UTC</createdTime>
<generatorID>D7A89624-6D7C-97A7-2A7B-FE879BE631F7</generatorID>
<ownerDesignName>TrabajoCudecaER</ownerDesignName>
<indexState>Unique Constraint</indexState>
<isSurrogateKey>false</isSurrogateKey>
<indexColumnUsage>
<colUsage columnID="69E9F597-B75F-AD9B-A505-8778CCEEB359"/>
</indexColumnUsage>
</ind_PK_UK>
</indexes>
</Table>