<?xml version = '1.0' encoding = 'UTF-8'?>
<Table class="oracle.dbtools.crest.model.design.relational.Table" directorySegmentName="seg_0" id="486E92B1-9B6C-21C7-0289-9DC8E3486296" name="DONACION">
<createdBy>marco</createdBy>
<createdTime>2025-12-20 18:26:19 UTC</createdTime>
<generatorID>719BC720-332B-9D55-51A3-F65780591177</generatorID>
<ownerDesignName>TrabajoCudecaER</ownerDesignName>
<allowColumnReorder>false</allowColumnReorder>
<existDependencyGenerateInDDl>true</existDependencyGenerateInDDl>
<parsed>true</parsed>
<columns itemClass="oracle.dbtools.crest.model.design.relational.Column">
<Column name="ID_DONACION" id="BB60E057-EC4E-EA4C-A4B3-2B09CAA10F2C">
<createdBy>marco</createdBy>
<createdTime>2025-12-20 18:26:19 UTC</createdTime>
<generatorID>910F67D5-2DAD-8254-B292-4A7B1A0B97F2</generatorID>
<ownerDesignName>TrabajoCudecaER</ownerDesignName>
<useDomainConstraints>false</useDomainConstraints>
<use>1</use>
<logicalDatatype>LOGDT019</logicalDatatype>
<dataTypePrecision>10</dataTypePrecision>
<ownDataTypeParameters>,10,</ownDataTypeParameters>
<autoIncrementCycle>false</autoIncrementCycle>
</Column>
<Column name="IMPORTE" id="EF42E761-5FBD-889D-6EDC-8C852F034E5C">
<createdBy>marco</createdBy>
<createdTime>2025-12-20 18:26:19 UTC</createdTime>
<generatorID>A43A312E-5AFD-903D-F9E7-12774A433104</generatorID>
<ownerDesignName>TrabajoCudecaER</ownerDesignName>
<useDomainConstraints>false</useDomainConstraints>
<use>1</use>
<logicalDatatype>LOGDT019</logicalDatatype>
<dataTypePrecision>10</dataTypePrecision>
<dataTypeScale>2</dataTypeScale>
<ownDataTypeParameters>,10,2</ownDataTypeParameters>
<autoIncrementCycle>false</autoIncrementCycle>
</Column>
<Column name="FECHA_DONACION" id="7A59611C-96B8-97EC-D720-75F0D3E9D332">
<createdBy>marco</createdBy>
<createdTime>2025-12-20 18:26:19 UTC</createdTime>
<generatorID>324E90D1-7A4E-31E9-393A-6A19CA4D63FF</generatorID>
<ownerDesignName>TrabajoCudecaER</ownerDesignName>
<useDomainConstraints>false</useDomainConstraints>
<use>1</use>
<logicalDatatype>LOGDT007</logicalDatatype>
<ownDataTypeParameters>,,</ownDataTypeParameters>
<autoIncrementCycle>false</autoIncrementCycle>
</Column>
<Column name="CERTIFICADO_GENERADO" id="CA3DF198-D72F-EC4A-257D-7ED2A261E594">
<createdBy>marco</createdBy>
<createdTime>2025-12-20 18:26:19 UTC</createdTime>
<generatorID>AB320D67-8543-888E-DB12-6C94BAD9DC04</generatorID>
<ownerDesignName>TrabajoCudecaER</ownerDesignName>
<useDomainConstraints>false</useDomainConstraints>
<use>1</use>
<logicalDatatype>LOGDT025</logicalDatatype>
<dataTypeSize>1 BYTE</dataTypeSize>
<ownDataTypeParameters>1 BYTE,,</ownDataTypeParameters>
<autoIncrementCycle>false</autoIncrementCycle>
</Column>
<Column name="EVENTO_ID_EVENTO" id="4ABCD860-3B4E-1AA8-30F3-F285074269D1">
<createdBy>marco</createdBy>
<createdTime>2025-12-20 18:26:19 UTC</createdTime>
<generatorID>5AE82360-23ED-4174-328F-59C67C4D94D8</generatorID>
<ownerDesignName>TrabajoCudecaER</ownerDesignName>
<nullsAllowed>true</nullsAllowed>
<useDomainConstraints>false</useDomainConstraints>
<use>1</use>
<logicalDatatype>LOGDT019</logicalDatatype>
<dataTypePrecision>10</dataTypePrecision>
<ownDataTypeParameters>,,</ownDataTypeParameters>
<previousColumn>false</previousColumn>
<autoIncrementCycle>false</autoIncrementCycle>
<associations>
<colAssociation fkAssociation="C1023559-8073-7139-63BB-4E0B6EA71C69" referredColumn="A4505735-EE28-3846-DF41-80B891E12FA9"/>
</associations>
</Column>
<Column name="CLIENTE_ID_CLIENTE" id="986678A0-D578-1DA1-0803-9E2DAABE8530">
<createdBy>marco</createdBy>
<createdTime>2025-12-20 18:26:19 UTC</createdTime>
<generatorID>3539423E-BCCF-521B-E846-2A7F909BBD5F</generatorID>
<ownerDesignName>TrabajoCudecaER</ownerDesignName>
<nullsAllowed>true</nullsAllowed>
<useDomainConstraints>false</useDomainConstraints>
<use>1</use>
<logicalDatatype>LOGDT019</logicalDatatype>
<dataTypePrecision>10</dataTypePrecision>
<ownDataTypeParameters>,,</ownDataTypeParameters>
<previousColumn>false</previousColumn>
<autoIncrementCycle>false</autoIncrementCycle>
<associations>
<colAssociation fkAssociation="DEE1A6A2-B7BE-F5AE-95DD-362A59FF4FE6" referredColumn="4CB12AD5-4748-1110-FC60-C8A211A2301E"/>
</associations>
</Column>
</columns>
<indexes itemClass="oracle.dbtools.crest.model.design.relational.Index">
<ind_PK_UK id="55F18F9B-8EE3-B7FF-D6AB-39571DBC0EED" name="DONACION_PK">
<createdBy>marco</createdBy>
<createdTime>2025-12-20 18:26:19 UTC</createdTime>
<generatorID>AD1EBC51-58B9-485C-A1E9-D8286CA71C1C</generatorID>
<ownerDesignName>TrabajoCudecaER</ownerDesignName>
<pk>true</pk>
<indexState>Primary Constraint</indexState>
<isSurrogateKey>false</isSurrogateKey>
<indexColumnUsage>
<colUsage columnID="BB60E057-EC4E-EA4C-A4B3-2B09CAA10F2C"/>
</indexColumnUsage>
</ind_PK_UK>
<ind_PK_UK id="3220DAB6-95E0-31E1-DF31-BA0D7EF1B661" name="DONACION_CLIENTE_FK">
<createdBy>marco</createdBy>
<createdTime>2025-12-20 18:26:19 UTC</createdTime>
<generatorID>09DEF80B-B0CB-E2D3-976E-00B57B3B1DED</generatorID>
<ownerDesignName>TrabajoCudecaER</ownerDesignName>
<indexState>Foreign Key</indexState>
<isSurrogateKey>false</isSurrogateKey>
<indexColumnUsage>
<colUsage columnID="986678A0-D578-1DA1-0803-9E2DAABE8530"/>
</indexColumnUsage>
</ind_PK_UK>
<ind_PK_UK id="71E29CAC-C4C6-64B3-ED7A-9E5E658E9EA6" name="DONACION_EVENTO_FK">
<createdBy>marco</createdBy>
<createdTime>2025-12-20 18:26:19 UTC</createdTime>
<generatorID>13152778-849B-F948-44AB-A31C1E6BFC89</generatorID>
<ownerDesignName>TrabajoCudecaER</ownerDesignName>
<indexState>Foreign Key</indexState>
<isSurrogateKey>false</isSurrogateKey>
<indexColumnUsage>
<colUsage columnID="4ABCD860-3B4E-1AA8-30F3-F285074269D1"/>
</indexColumnUsage>
</ind_PK_UK>
</indexes>
</Table>