<?xml version = '1.0' encoding = 'UTF-8'?>
<Table class="oracle.dbtools.crest.model.design.relational.Table" directorySegmentName="seg_0" id="4ECCE540-64EA-1881-AD98-46313A143389" name="VENTA">
<createdBy>marco</createdBy>
<createdTime>2025-12-20 18:26:19 UTC</createdTime>
<generatorID>89031D90-6EFF-6701-BFE6-BF2CB8D66BC2</generatorID>
<ownerDesignName>TrabajoCudecaER</ownerDesignName>
<allowColumnReorder>false</allowColumnReorder>
<existDependencyGenerateInDDl>true</existDependencyGenerateInDDl>
<parsed>true</parsed>
<columns itemClass="oracle.dbtools.crest.model.design.relational.Column">
<Column name="ID_VENTA" id="B2C7040F-6C6C-37C2-E969-4D5DC628F450">
<createdBy>marco</createdBy>
<createdTime>2025-12-20 18:26:19 UTC</createdTime>
<generatorID>BED104D3-5143-36F9-D371-7CA9F95D90AD</generatorID>
<ownerDesignName>TrabajoCudecaER</ownerDesignName>
<useDomainConstraints>false</useDomainConstraints>
<use>1</use>
<logicalDatatype>LOGDT019</logicalDatatype>
<dataTypePrecision>10</dataTypePrecision>
<ownDataTypeParameters>,10,</ownDataTypeParameters>
<autoIncrementCycle>false</autoIncrementCycle>
</Column>
<Column name="FECHA_VENTA" id="84930B23-CE7F-C958-8509-BF8A4678410C">
<createdBy>marco</createdBy>
<createdTime>2025-12-20 18:26:19 UTC</createdTime>
<generatorID>A46EF8E5-6AF3-C06E-A92B-507766F98A8B</generatorID>
<ownerDesignName>TrabajoCudecaER</ownerDesignName>
<useDomainConstraints>false</useDomainConstraints>
<use>1</use>
<logicalDatatype>LOGDT007</logicalDatatype>
<ownDataTypeParameters>,,</ownDataTypeParameters>
<autoIncrementCycle>false</autoIncrementCycle>
</Column>
<Column name="IMPORTE" id="DEDF727A-50D5-4317-6D3C-7A647180351A">
<createdBy>marco</createdBy>
<createdTime>2025-12-20 18:26:19 UTC</createdTime>
<generatorID>1BD48E21-1292-8133-D3D8-4DD77A3180D9</generatorID>
<ownerDesignName>TrabajoCudecaER</ownerDesignName>
<useDomainConstraints>false</useDomainConstraints>
<use>1</use>
<logicalDatatype>LOGDT019</logicalDatatype>
<dataTypePrecision>10</dataTypePrecision>
<dataTypeScale>2</dataTypeScale>
<ownDataTypeParameters>,10,2</ownDataTypeParameters>
<autoIncrementCycle>false</autoIncrementCycle>
</Column>
<Column name="METODO_PAGO" id="B8E4FDA3-0D1B-8940-4F74-884E26902D89">
<createdBy>marco</createdBy>
<createdTime>2025-12-20 18:26:19 UTC</createdTime>
<generatorID>1B60CED9-4F0C-1D85-C3A8-BDCF33B2FD75</generatorID>
<ownerDesignName>TrabajoCudecaER</ownerDesignName>
<useDomainConstraints>false</useDomainConstraints>
<use>1</use>
<logicalDatatype>LOGDT024</logicalDatatype>
<dataTypeSize>50 BYTE</dataTypeSize>
<ownDataTypeParameters>50 BYTE,,</ownDataTypeParameters>
<autoIncrementCycle>false</autoIncrementCycle>
</Column>
</columns>
<indexes itemClass="oracle.dbtools.crest.model.design.relational.Index">
<ind_PK_UK id="5B958270-055C-689D-F9C2-9D203CB001E5" name="VENTA_PK">
<createdBy>marco</createdBy>
<createdTime>2025-12-20 18:26:19 UTC</createdTime>
<generatorID>C5BB9FD4-3A9D-B2A4-BEF9-DE6B4020333D</generatorID>
<ownerDesignName>TrabajoCudecaER</ownerDesignName>
<pk>true</pk>
<indexState>Primary Constraint</indexState>
<isSurrogateKey>false</isSurrogateKey>
<indexColumnUsage>
<colUsage columnID="B2C7040F-6C6C-37C2-E969-4D5DC628F450"/>
</indexColumnUsage>
</ind_PK_UK>
</indexes>
</Table>