<?xml version = '1.0' encoding = 'UTF-8'?>
<Table class="oracle.dbtools.crest.model.design.relational.Table" directorySegmentName="seg_0" id="56278C8F-495E-799E-52DD-3AC11EDBFFBB" name="CLIENTE_EVENTO">
<createdBy>marco</createdBy>
<createdTime>2025-12-20 18:26:19 UTC</createdTime>
<ownerDesignName>TrabajoCudecaER</ownerDesignName>
<allowColumnReorder>false</allowColumnReorder>
<existDependencyGenerateInDDl>true</existDependencyGenerateInDDl>
<parsed>true</parsed>
<columns itemClass="oracle.dbtools.crest.model.design.relational.Column">
<Column name="CLIENTE_ID_CLIENTE" id="F7C4E21B-3E70-55D7-92AF-D8A440502862">
<createdBy>marco</createdBy>
<createdTime>2025-12-20 18:26:19 UTC</createdTime>
<ownerDesignName>TrabajoCudecaER</ownerDesignName>
<useDomainConstraints>false</useDomainConstraints>
<use>1</use>
<logicalDatatype>LOGDT019</logicalDatatype>
<dataTypePrecision>10</dataTypePrecision>
<ownDataTypeParameters>,,</ownDataTypeParameters>
<previousColumn>false</previousColumn>
<autoIncrementCycle>false</autoIncrementCycle>
<associations>
<colAssociation fkAssociation="61883907-1F93-0816-74FC-2ED27E45126B" referredColumn="4CB12AD5-4748-1110-FC60-C8A211A2301E"/>
</associations>
</Column>
<Column name="EVENTO_ID_EVENTO" id="F97E39E9-DE4C-1DC2-F5BA-EAE9D7A151AD">
<createdBy>marco</createdBy>
<createdTime>2025-12-20 18:26:19 UTC</createdTime>
<ownerDesignName>TrabajoCudecaER</ownerDesignName>
<useDomainConstraints>false</useDomainConstraints>
<use>1</use>
<logicalDatatype>LOGDT019</logicalDatatype>
<dataTypePrecision>10</dataTypePrecision>
<ownDataTypeParameters>,,</ownDataTypeParameters>
<previousColumn>false</previousColumn>
<autoIncrementCycle>false</autoIncrementCycle>
<associations>
<colAssociation fkAssociation="A6108FD0-DD7C-F85A-E291-E30643FEE06D" referredColumn="A4505735-EE28-3846-DF41-80B891E12FA9"/>
</associations>
</Column>
</columns>
<indexes itemClass="oracle.dbtools.crest.model.design.relational.Index">
<ind_PK_UK id="E765D747-DB1D-1B65-D9F1-01221D299913" name="CLIENTE_EVENTO_PK">
<createdBy>marco</createdBy>
<createdTime>2025-12-20 18:26:19 UTC</createdTime>
<ownerDesignName>TrabajoCudecaER</ownerDesignName>
<pk>true</pk>
<indexState>Primary Constraint</indexState>
<isSurrogateKey>false</isSurrogateKey>
<indexColumnUsage>
<colUsage columnID="F7C4E21B-3E70-55D7-92AF-D8A440502862"/>
<colUsage columnID="F97E39E9-DE4C-1DC2-F5BA-EAE9D7A151AD"/>
</indexColumnUsage>
</ind_PK_UK>
<ind_PK_UK id="3FD8B78A-0CBC-1A22-24E6-0A0085987C7D" name="CLIENTE_EVENTO_CLIENTE_FK">
<createdBy>marco</createdBy>
<createdTime>2025-12-20 18:26:19 UTC</createdTime>
<generatorID>A8B30B5E-16E2-4FE9-CA7E-DADB094D4E4E</generatorID>
<ownerDesignName>TrabajoCudecaER</ownerDesignName>
<indexState>Foreign Key</indexState>
<isSurrogateKey>false</isSurrogateKey>
<indexColumnUsage>
<colUsage columnID="F7C4E21B-3E70-55D7-92AF-D8A440502862"/>
</indexColumnUsage>
</ind_PK_UK>
<ind_PK_UK id="5D293A74-AC86-126B-F89A-9D06028C982F" name="CLIENTE_EVENTO_EVENTO_FK">
<createdBy>marco</createdBy>
<createdTime>2025-12-20 18:26:19 UTC</createdTime>
<generatorID>A8B30B5E-16E2-4FE9-CA7E-DADB094D4E4E</generatorID>
<ownerDesignName>TrabajoCudecaER</ownerDesignName>
<indexState>Foreign Key</indexState>
<isSurrogateKey>false</isSurrogateKey>
<indexColumnUsage>
<colUsage columnID="F97E39E9-DE4C-1DC2-F5BA-EAE9D7A151AD"/>
</indexColumnUsage>
</ind_PK_UK>
</indexes>
</Table>