<?xml version = '1.0' encoding = 'UTF-8'?>
<Table class="oracle.dbtools.crest.model.design.relational.Table" directorySegmentName="seg_0" id="761F1E65-B3E8-13EA-534A-BD57778FE27F" name="CLIENTE">
<createdBy>marco</createdBy>
<createdTime>2025-12-20 18:26:19 UTC</createdTime>
<generatorID>9970768C-00C4-182D-9D37-5D3194690FF3</generatorID>
<ownerDesignName>TrabajoCudecaER</ownerDesignName>
<allowColumnReorder>false</allowColumnReorder>
<existDependencyGenerateInDDl>true</existDependencyGenerateInDDl>
<parsed>true</parsed>
<columns itemClass="oracle.dbtools.crest.model.design.relational.Column">
<Column name="ID_CLIENTE" id="4CB12AD5-4748-1110-FC60-C8A211A2301E">
<createdBy>marco</createdBy>
<createdTime>2025-12-20 18:26:19 UTC</createdTime>
<generatorID>D4994EA8-4E01-3222-CDAB-65AFE0E9DF7A</generatorID>
<ownerDesignName>TrabajoCudecaER</ownerDesignName>
<useDomainConstraints>false</useDomainConstraints>
<use>1</use>
<logicalDatatype>LOGDT019</logicalDatatype>
<dataTypePrecision>10</dataTypePrecision>
<ownDataTypeParameters>,10,</ownDataTypeParameters>
<autoIncrementCycle>false</autoIncrementCycle>
</Column>
<Column name="VENTA_ID_VENTA" id="15BC648F-6757-FAAB-D9E2-DA06A7C3298A">
<createdBy>marco</createdBy>
<createdTime>2025-12-20 18:26:19 UTC</createdTime>
<generatorID>F66E8E8C-C84C-689E-FA55-AA8E0E837AD7</generatorID>
<ownerDesignName>TrabajoCudecaER</ownerDesignName>
<nullsAllowed>true</nullsAllowed>
<useDomainConstraints>false</useDomainConstraints>
<use>1</use>
<logicalDatatype>LOGDT019</logicalDatatype>
<dataTypePrecision>10</dataTypePrecision>
<ownDataTypeParameters>,,</ownDataTypeParameters>
<previousColumn>false</previousColumn>
<autoIncrementCycle>false</autoIncrementCycle>
<associations>
<colAssociation fkAssociation="9D1236EF-8173-6BCF-0F4A-6BB25E508BC9" referredColumn="B2C7040F-6C6C-37C2-E969-4D5DC628F450"/>
</associations>
</Column>
<Column name="TIPO" id="2137C310-B25E-C4B8-E5B0-1B59BAF3F153">
<createdBy>marco</createdBy>
<createdTime>2025-12-20 18:26:19 UTC</createdTime>
<generatorID>D13D42A8-5AED-3186-64FC-9114D9BC5314</generatorID>
<ownerDesignName>TrabajoCudecaER</ownerDesignName>
<constraintName>CHK_TIPO_CLIENT</constraintName>
<useDomainConstraints>false</useDomainConstraints>
<use>1</use>
<logicalDatatype>LOGDT025</logicalDatatype>
<dataTypeSize>12</dataTypeSize>
<listOfValues>
<valueDef value="CLIENTE" description="entity CLIENTE"/>
<valueDef value="ORGANIZACION" description="entity ORGANIZACION"/>
<valueDef value="PERSONA" description="entity PERSONA"/>
<valueDef value="SOCIO" description="entity SOCIO"/>
<valueDef value="VOLUNTARIO" description="entity VOLUNTARIO"/>
</listOfValues>
<ownDataTypeParameters>12,,</ownDataTypeParameters>
<autoIncrementCycle>false</autoIncrementCycle>
<isDiscriminatorColumn>true</isDiscriminatorColumn>
</Column>
<Column name="PERSONA_ID_CLIENTE" id="B34748DE-24BE-27BA-3106-239D233E01E0">
<createdBy>marco</createdBy>
<createdTime>2025-12-20 18:26:19 UTC</createdTime>
<ownerDesignName>TrabajoCudecaER</ownerDesignName>
<nullsAllowed>true</nullsAllowed>
<useDomainConstraints>false</useDomainConstraints>
<use>1</use>
<logicalDatatype>LOGDT019</logicalDatatype>
<dataTypePrecision>10</dataTypePrecision>
<ownDataTypeParameters>,,</ownDataTypeParameters>
<previousColumn>false</previousColumn>
<autoIncrementCycle>false</autoIncrementCycle>
<associations>
<colAssociation fkAssociation="50E50CAA-4F77-5C93-C815-A1C7B4902BC5" referredColumn="FC0FA44B-C1C4-943D-CB46-218CD2B9C9E5"/>
</associations>
</Column>
<Column name="ORGANIZACION_ID_CLIENTE" id="7B1E4ADE-8AA6-D39B-4251-8E95E03E8731">
<createdBy>marco</createdBy>
<createdTime>2025-12-20 18:26:19 UTC</createdTime>
<ownerDesignName>TrabajoCudecaER</ownerDesignName>
<nullsAllowed>true</nullsAllowed>
<useDomainConstraints>false</useDomainConstraints>
<use>1</use>
<logicalDatatype>LOGDT019</logicalDatatype>
<dataTypePrecision>10</dataTypePrecision>
<ownDataTypeParameters>,,</ownDataTypeParameters>
<previousColumn>false</previousColumn>
<autoIncrementCycle>false</autoIncrementCycle>
<associations>
<colAssociation fkAssociation="A739C477-D651-FFBD-45F7-B07C44A35D32" referredColumn="DC94B503-BB36-4A46-1F54-1DE6E39F0252"/>
</associations>
</Column>
</columns>
<indexes itemClass="oracle.dbtools.crest.model.design.relational.Index">
<ind_PK_UK id="2308B4C0-FE13-226E-A1BE-82DD83C53EF8" name="CLIENTE_PK">
<createdBy>marco</createdBy>
<createdTime>2025-12-20 18:26:19 UTC</createdTime>
<generatorID>EFFAF832-D5E6-7445-6BD6-89D079A34F68</generatorID>
<ownerDesignName>TrabajoCudecaER</ownerDesignName>
<pk>true</pk>
<indexState>Primary Constraint</indexState>
<isSurrogateKey>false</isSurrogateKey>
<indexColumnUsage>
<colUsage columnID="4CB12AD5-4748-1110-FC60-C8A211A2301E"/>
</indexColumnUsage>
</ind_PK_UK>
<ind_PK_UK id="BEA09EF8-E506-2E70-B22D-36F06E62A1FA" name="CLIENTE_PERSONA_FK">
<createdBy>marco</createdBy>
<createdTime>2025-12-20 18:26:19 UTC</createdTime>
<generatorID>E44CC941-CDCA-7205-651A-D87029651AAA</generatorID>
<ownerDesignName>TrabajoCudecaER</ownerDesignName>
<indexState>Foreign Key</indexState>
<isSurrogateKey>false</isSurrogateKey>
<indexColumnUsage>
<colUsage columnID="B34748DE-24BE-27BA-3106-239D233E01E0"/>
</indexColumnUsage>
</ind_PK_UK>
<ind_PK_UK id="5DFABAA2-45C3-D3B2-DCE3-BC12FABA102C" name="CLIENTE_ORGANIZACION_FK">
<createdBy>marco</createdBy>
<createdTime>2025-12-20 18:26:19 UTC</createdTime>
<generatorID>DDB5BF38-B214-E456-8BBF-54FD3EC2A5E4</generatorID>
<ownerDesignName>TrabajoCudecaER</ownerDesignName>
<indexState>Foreign Key</indexState>
<isSurrogateKey>false</isSurrogateKey>
<indexColumnUsage>
<colUsage columnID="7B1E4ADE-8AA6-D39B-4251-8E95E03E8731"/>
</indexColumnUsage>
</ind_PK_UK>
<ind_PK_UK id="48E506B6-CD7D-B7AD-B5B0-9366BC5FE089" name="CLIENTE_VENTA_FK">
<createdBy>marco</createdBy>
<createdTime>2025-12-20 18:26:19 UTC</createdTime>
<generatorID>BA8DA107-465E-3841-6CB8-A8AABFB41C4D</generatorID>
<ownerDesignName>TrabajoCudecaER</ownerDesignName>
<indexState>Foreign Key</indexState>
<isSurrogateKey>false</isSurrogateKey>
<indexColumnUsage>
<colUsage columnID="15BC648F-6757-FAAB-D9E2-DA06A7C3298A"/>
</indexColumnUsage>
</ind_PK_UK>
</indexes>
</Table>