<?xml version = '1.0' encoding = 'UTF-8'?>
<Table class="oracle.dbtools.crest.model.design.relational.Table" directorySegmentName="seg_0" id="7C70A2D3-EBF2-5776-C8AD-B4CE9BDC962B" name="RECAUDACION">
<createdBy>marco</createdBy>
<createdTime>2025-12-20 18:26:19 UTC</createdTime>
<generatorID>62CF9679-3079-8AB1-11E8-BBCD5FBC4FB7</generatorID>
<ownerDesignName>TrabajoCudecaER</ownerDesignName>
<allowColumnReorder>false</allowColumnReorder>
<existDependencyGenerateInDDl>true</existDependencyGenerateInDDl>
<parsed>true</parsed>
<columns itemClass="oracle.dbtools.crest.model.design.relational.Column">
<Column name="ID_RECAUDACION" id="6E415882-3C8D-79D5-C779-2C4FCF409734">
<createdBy>marco</createdBy>
<createdTime>2025-12-20 18:26:19 UTC</createdTime>
<generatorID>84D92342-F374-A0C9-B1D1-DB0518F00A9D</generatorID>
<ownerDesignName>TrabajoCudecaER</ownerDesignName>
<useDomainConstraints>false</useDomainConstraints>
<use>1</use>
<logicalDatatype>LOGDT019</logicalDatatype>
<dataTypePrecision>10</dataTypePrecision>
<ownDataTypeParameters>,10,</ownDataTypeParameters>
<autoIncrementCycle>false</autoIncrementCycle>
</Column>
<Column name="OBJETIVO_RECAUDACION" id="A478B26C-7976-AB77-8D21-7FC24106A5E5">
<createdBy>marco</createdBy>
<createdTime>2025-12-20 18:26:19 UTC</createdTime>
<generatorID>CDDB3544-713A-FD39-7A07-4414726CF37B</generatorID>
<ownerDesignName>TrabajoCudecaER</ownerDesignName>
<useDomainConstraints>false</useDomainConstraints>
<use>1</use>
<logicalDatatype>LOGDT019</logicalDatatype>
<dataTypePrecision>10</dataTypePrecision>
<dataTypeScale>2</dataTypeScale>
<ownDataTypeParameters>,10,2</ownDataTypeParameters>
<autoIncrementCycle>false</autoIncrementCycle>
</Column>
<Column name="TOTAL_RECAUDADO" id="C49D4C07-A630-B115-3B25-94400E5E8D6F">
<createdBy>marco</createdBy>
<createdTime>2025-12-20 18:26:19 UTC</createdTime>
<generatorID>A54FAF9B-8AC0-7B99-307A-CED00D0B8730</generatorID>
<ownerDesignName>TrabajoCudecaER</ownerDesignName>
<useDomainConstraints>false</useDomainConstraints>
<use>1</use>
<logicalDatatype>LOGDT019</logicalDatatype>
<dataTypePrecision>10</dataTypePrecision>
<dataTypeScale>2</dataTypeScale>
<ownDataTypeParameters>,10,2</ownDataTypeParameters>
<autoIncrementCycle>false</autoIncrementCycle>
</Column>
<Column name="NUM_DONANTES" id="310F2C42-FD0F-1CB8-BFEB-8726807512ED">
<createdBy>marco</createdBy>
<createdTime>2025-12-20 18:26:19 UTC</createdTime>
<generatorID>57EEDB9D-62CC-9BA1-7E10-A69165FF0AFD</generatorID>
<ownerDesignName>TrabajoCudecaER</ownerDesignName>
<useDomainConstraints>false</useDomainConstraints>
<use>1</use>
<logicalDatatype>LOGDT019</logicalDatatype>
<dataTypePrecision>10</dataTypePrecision>
<ownDataTypeParameters>,10,</ownDataTypeParameters>
<autoIncrementCycle>false</autoIncrementCycle>
</Column>
<Column name="EVENTO_ID_EVENTO" id="744CBE71-0ACF-11B9-0DE7-878C81F76F13">
<createdBy>marco</createdBy>
<createdTime>2025-12-20 18:26:19 UTC</createdTime>
<generatorID>F355EFB8-4A0A-5FA9-3096-5F243418E864</generatorID>
<ownerDesignName>TrabajoCudecaER</ownerDesignName>
<useDomainConstraints>false</useDomainConstraints>
<use>1</use>
<logicalDatatype>LOGDT019</logicalDatatype>
<dataTypePrecision>10</dataTypePrecision>
<ownDataTypeParameters>,,</ownDataTypeParameters>
<previousColumn>false</previousColumn>
<autoIncrementCycle>false</autoIncrementCycle>
<associations>
<colAssociation fkAssociation="D146D7FC-CF7A-8746-B7D1-E90BFD31E185" referredColumn="A4505735-EE28-3846-DF41-80B891E12FA9"/>
</associations>
</Column>
</columns>
<indexes itemClass="oracle.dbtools.crest.model.design.relational.Index">
<ind_PK_UK id="DE39BEE9-2A27-F986-9EBF-AC9BF27FA411" name="RECAUDACION_PK">
<createdBy>marco</createdBy>
<createdTime>2025-12-20 18:26:19 UTC</createdTime>
<generatorID>D029D9C1-D962-5A20-3F43-ED3A30B6CD8C</generatorID>
<ownerDesignName>TrabajoCudecaER</ownerDesignName>
<pk>true</pk>
<indexState>Primary Constraint</indexState>
<isSurrogateKey>false</isSurrogateKey>
<indexColumnUsage>
<colUsage columnID="6E415882-3C8D-79D5-C779-2C4FCF409734"/>
</indexColumnUsage>
</ind_PK_UK>
<ind_PK_UK id="4504A8A8-9BD2-1D51-4B8F-661D951101EA" name="RECAUDACION__IDX">
<createdBy>marco</createdBy>
<createdTime>2025-12-20 18:26:19 UTC</createdTime>
<ownerDesignName>TrabajoCudecaER</ownerDesignName>
<indexState>Unique Plain Index</indexState>
<isSurrogateKey>false</isSurrogateKey>
<relationGeneratorID>DF3B8E85-D01B-49BB-5C2A-2198270CC6E1</relationGeneratorID>
<indexColumnUsage>
<colUsage columnID="744CBE71-0ACF-11B9-0DE7-878C81F76F13"/>
</indexColumnUsage>
</ind_PK_UK>
<ind_PK_UK id="006A6FDF-3F78-1D0C-5D0F-C043952119AA" name="RECAUDACION_EVENTO_FK">
<createdBy>marco</createdBy>
<createdTime>2025-12-20 18:26:19 UTC</createdTime>
<generatorID>DF3B8E85-D01B-49BB-5C2A-2198270CC6E1</generatorID>
<ownerDesignName>TrabajoCudecaER</ownerDesignName>
<indexState>Foreign Key</indexState>
<isSurrogateKey>false</isSurrogateKey>
<indexColumnUsage>
<colUsage columnID="744CBE71-0ACF-11B9-0DE7-878C81F76F13"/>
</indexColumnUsage>
</ind_PK_UK>
</indexes>
</Table>