<?xml version = '1.0' encoding = 'UTF-8'?>
<Table class="oracle.dbtools.crest.model.design.relational.Table" directorySegmentName="seg_0" id="C2ACBF46-CEF6-5895-8643-1A2349F9280F" name="SOCIO">
<createdBy>marco</createdBy>
<createdTime>2025-12-20 18:26:19 UTC</createdTime>
<generatorID>4BF9F640-3F75-EEF7-7A5E-9CD6AA6CD5D1</generatorID>
<ownerDesignName>TrabajoCudecaER</ownerDesignName>
<allowColumnReorder>false</allowColumnReorder>
<existDependencyGenerateInDDl>true</existDependencyGenerateInDDl>
<parsed>true</parsed>
<columns itemClass="oracle.dbtools.crest.model.design.relational.Column">
<Column name="ID_CLIENTE" id="B3548604-A78F-F925-FD7F-C43FA79967C2">
<createdBy>marco</createdBy>
<createdTime>2025-12-20 18:26:19 UTC</createdTime>
<generatorID>D4994EA8-4E01-3222-CDAB-65AFE0E9DF7A</generatorID>
<ownerDesignName>TrabajoCudecaER</ownerDesignName>
<useDomainConstraints>false</useDomainConstraints>
<use>1</use>
<logicalDatatype>LOGDT019</logicalDatatype>
<dataTypePrecision>10</dataTypePrecision>
<ownDataTypeParameters>,10,</ownDataTypeParameters>
<autoIncrementCycle>false</autoIncrementCycle>
</Column>
<Column name="ID_SOCIO" id="86E2EA98-B239-294B-A323-D6735F016B4F">
<createdBy>marco</createdBy>
<createdTime>2025-12-20 18:26:19 UTC</createdTime>
<generatorID>F8CA50C7-A0C4-1D2E-6B21-7A3458446971</generatorID>
<ownerDesignName>TrabajoCudecaER</ownerDesignName>
<useDomainConstraints>false</useDomainConstraints>
<use>1</use>
<logicalDatatype>LOGDT019</logicalDatatype>
<dataTypePrecision>10</dataTypePrecision>
<ownDataTypeParameters>,10,</ownDataTypeParameters>
<autoIncrementCycle>false</autoIncrementCycle>
</Column>
<Column name="CUOTA_MENSUAL" id="DB7CFA64-F504-BDE1-32DA-EEDFF3C0E1BF">
<createdBy>marco</createdBy>
<createdTime>2025-12-20 18:26:19 UTC</createdTime>
<generatorID>194331B2-6C7F-9B6D-39BA-E35ED2E8428A</generatorID>
<ownerDesignName>TrabajoCudecaER</ownerDesignName>
<useDomainConstraints>false</useDomainConstraints>
<use>1</use>
<logicalDatatype>LOGDT019</logicalDatatype>
<dataTypePrecision>10</dataTypePrecision>
<dataTypeScale>2</dataTypeScale>
<ownDataTypeParameters>,10,2</ownDataTypeParameters>
<autoIncrementCycle>false</autoIncrementCycle>
</Column>
<Column name="FECHA_ALTA" id="71CE3F95-C861-936E-E286-5BCA546E6B7A">
<createdBy>marco</createdBy>
<createdTime>2025-12-20 18:26:19 UTC</createdTime>
<generatorID>6CAC64BF-7657-3B45-B997-ECFFF338963B</generatorID>
<ownerDesignName>TrabajoCudecaER</ownerDesignName>
<useDomainConstraints>false</useDomainConstraints>
<use>1</use>
<logicalDatatype>LOGDT007</logicalDatatype>
<ownDataTypeParameters>,,</ownDataTypeParameters>
<autoIncrementCycle>false</autoIncrementCycle>
</Column>
</columns>
<indexes itemClass="oracle.dbtools.crest.model.design.relational.Index">
<ind_PK_UK id="5AD235D8-0BCE-E9AF-B49D-231E90F3D4FF" name="SOCIO_PK">
<createdBy>marco</createdBy>
<createdTime>2025-12-20 18:26:19 UTC</createdTime>
<generatorID>EFFAF832-D5E6-7445-6BD6-89D079A34F68</generatorID>
<ownerDesignName>TrabajoCudecaER</ownerDesignName>
<pk>true</pk>
<indexState>Primary Constraint</indexState>
<isSurrogateKey>false</isSurrogateKey>
<indexColumnUsage>
<colUsage columnID="B3548604-A78F-F925-FD7F-C43FA79967C2"/>
</indexColumnUsage>
</ind_PK_UK>
<ind_PK_UK id="6C43E20E-FEF8-31F5-5E49-DB34A293B179" name="SOCIO_PKv1">
<createdBy>marco</createdBy>
<createdTime>2025-12-20 18:26:19 UTC</createdTime>
<generatorID>88AF5C7C-BA0B-1FDB-4138-2C1074AD8209</generatorID>
<ownerDesignName>TrabajoCudecaER</ownerDesignName>
<indexState>Unique Constraint</indexState>
<isSurrogateKey>false</isSurrogateKey>
<indexColumnUsage>
<colUsage columnID="86E2EA98-B239-294B-A323-D6735F016B4F"/>
</indexColumnUsage>
</ind_PK_UK>
</indexes>
</Table>