<?xml version = '1.0' encoding = 'UTF-8'?>
<Table class="oracle.dbtools.crest.model.design.relational.Table" directorySegmentName="seg_0" id="DA3C89DD-72F7-C251-8F62-F624B9C0F0CA" name="PTR_CLIENTE">
<createdBy>marco</createdBy>
<createdTime>2025-12-20 18:26:19 UTC</createdTime>
<ownerDesignName>TrabajoCudecaER</ownerDesignName>
<allowColumnReorder>false</allowColumnReorder>
<existDependencyGenerateInDDl>true</existDependencyGenerateInDDl>
<parsed>true</parsed>
<columns itemClass="oracle.dbtools.crest.model.design.relational.Column">
<Column name="CLIENTE_ID_CLIENTE" id="E61EA84E-574D-616C-812F-0E4A657B5CE9">
<createdBy>marco</createdBy>
<createdTime>2025-12-20 18:26:19 UTC</createdTime>
<ownerDesignName>TrabajoCudecaER</ownerDesignName>
<useDomainConstraints>false</useDomainConstraints>
<use>1</use>
<logicalDatatype>LOGDT019</logicalDatatype>
<dataTypePrecision>10</dataTypePrecision>
<ownDataTypeParameters>,,</ownDataTypeParameters>
<previousColumn>false</previousColumn>
<autoIncrementCycle>false</autoIncrementCycle>
<associations>
<colAssociation fkAssociation="01FCB6CF-A745-CA3C-8E45-6A482028430D" referredColumn="4CB12AD5-4748-1110-FC60-C8A211A2301E"/>
</associations>
</Column>
<Column name="PATROCINIO_ID_PATROCINIO" id="9D290947-F386-8D23-89CD-06CE35A1236F">
<createdBy>marco</createdBy>
<createdTime>2025-12-20 18:26:19 UTC</createdTime>
<ownerDesignName>TrabajoCudecaER</ownerDesignName>
<useDomainConstraints>false</useDomainConstraints>
<use>1</use>
<logicalDatatype>LOGDT019</logicalDatatype>
<dataTypePrecision>10</dataTypePrecision>
<ownDataTypeParameters>,,</ownDataTypeParameters>
<previousColumn>false</previousColumn>
<autoIncrementCycle>false</autoIncrementCycle>
<associations>
<colAssociation fkAssociation="902C15AC-E9C5-6D52-A5B2-A9A68278526D" referredColumn="333362E4-386C-ED66-7F25-EEEFBB2FA515"/>
</associations>
</Column>
<Column name="PATROCINIO_ID_EVENTO" id="03FAC1FD-EAC9-90BC-BF74-49C54EE4035D">
<createdBy>marco</createdBy>
<createdTime>2025-12-20 18:26:19 UTC</createdTime>
<ownerDesignName>TrabajoCudecaER</ownerDesignName>
<useDomainConstraints>false</useDomainConstraints>
<use>1</use>
<logicalDatatype>LOGDT019</logicalDatatype>
<dataTypePrecision>10</dataTypePrecision>
<ownDataTypeParameters>,,</ownDataTypeParameters>
<previousColumn>false</previousColumn>
<autoIncrementCycle>false</autoIncrementCycle>
<associations>
<colAssociation fkAssociation="902C15AC-E9C5-6D52-A5B2-A9A68278526D" referredColumn="4BB3BB01-E34C-BA6C-FADD-DC8EF9A5591C"/>
</associations>
</Column>
</columns>
<indexes itemClass="oracle.dbtools.crest.model.design.relational.Index">
<ind_PK_UK id="E66DF42C-D25E-E41A-58D8-2D3F51E21481" name="PTR_CLIENTE_PK">
<createdBy>marco</createdBy>
<createdTime>2025-12-20 18:26:19 UTC</createdTime>
<ownerDesignName>TrabajoCudecaER</ownerDesignName>
<pk>true</pk>
<indexState>Primary Constraint</indexState>
<isSurrogateKey>false</isSurrogateKey>
<indexColumnUsage>
<colUsage columnID="E61EA84E-574D-616C-812F-0E4A657B5CE9"/>
<colUsage columnID="9D290947-F386-8D23-89CD-06CE35A1236F"/>
<colUsage columnID="03FAC1FD-EAC9-90BC-BF74-49C54EE4035D"/>
</indexColumnUsage>
</ind_PK_UK>
<ind_PK_UK id="480F6B51-009D-ADF6-0303-50684D782889" name="PTR_CLIENTE_CLIENTE_FK">
<createdBy>marco</createdBy>
<createdTime>2025-12-20 18:26:19 UTC</createdTime>
<generatorID>282E91CA-F6E8-0F41-211F-CFBFB8284951</generatorID>
<ownerDesignName>TrabajoCudecaER</ownerDesignName>
<indexState>Foreign Key</indexState>
<isSurrogateKey>false</isSurrogateKey>
<indexColumnUsage>
<colUsage columnID="E61EA84E-574D-616C-812F-0E4A657B5CE9"/>
</indexColumnUsage>
</ind_PK_UK>
<ind_PK_UK id="B9081CA6-0016-7B8F-8D12-58E86DCC013D" name="PTR_CLIENTE_PATROCINIO_FK">
<createdBy>marco</createdBy>
<createdTime>2025-12-20 18:26:19 UTC</createdTime>
<generatorID>282E91CA-F6E8-0F41-211F-CFBFB8284951</generatorID>
<ownerDesignName>TrabajoCudecaER</ownerDesignName>
<indexState>Foreign Key</indexState>
<isSurrogateKey>false</isSurrogateKey>
<indexColumnUsage>
<colUsage columnID="9D290947-F386-8D23-89CD-06CE35A1236F"/>
<colUsage columnID="03FAC1FD-EAC9-90BC-BF74-49C54EE4035D"/>
</indexColumnUsage>
</ind_PK_UK>
</indexes>
</Table>