<?xml version = '1.0' encoding = 'UTF-8'?>
<Table class="oracle.dbtools.crest.model.design.relational.Table" directorySegmentName="seg_0" id="E987DA29-5E29-73B5-8B5E-737EE16F6929" name="EVENTO_PTR">
<createdBy>marco</createdBy>
<createdTime>2025-12-20 18:26:19 UTC</createdTime>
<ownerDesignName>TrabajoCudecaER</ownerDesignName>
<allowColumnReorder>false</allowColumnReorder>
<existDependencyGenerateInDDl>true</existDependencyGenerateInDDl>
<parsed>true</parsed>
<columns itemClass="oracle.dbtools.crest.model.design.relational.Column">
<Column name="EVENTO_ID_EVENTO" id="9FB1F573-E6E9-A9B1-25C4-997E0C53229F">
<createdBy>marco</createdBy>
<createdTime>2025-12-20 18:26:19 UTC</createdTime>
<ownerDesignName>TrabajoCudecaER</ownerDesignName>
<useDomainConstraints>false</useDomainConstraints>
<use>1</use>
<logicalDatatype>LOGDT019</logicalDatatype>
<dataTypePrecision>10</dataTypePrecision>
<ownDataTypeParameters>,,</ownDataTypeParameters>
<previousColumn>false</previousColumn>
<autoIncrementCycle>false</autoIncrementCycle>
<associations>
<colAssociation fkAssociation="BCF04638-DFC8-4DC3-7CD5-6A6E69F9FC53" referredColumn="A4505735-EE28-3846-DF41-80B891E12FA9"/>
</associations>
</Column>
<Column name="PATROCINIO_ID_PATROCINIO" id="615E7FDA-4EB6-887C-7596-7053A45C6594">
<createdBy>marco</createdBy>
<createdTime>2025-12-20 18:26:19 UTC</createdTime>
<ownerDesignName>TrabajoCudecaER</ownerDesignName>
<useDomainConstraints>false</useDomainConstraints>
<use>1</use>
<logicalDatatype>LOGDT019</logicalDatatype>
<dataTypePrecision>10</dataTypePrecision>
<ownDataTypeParameters>,,</ownDataTypeParameters>
<previousColumn>false</previousColumn>
<autoIncrementCycle>false</autoIncrementCycle>
<associations>
<colAssociation fkAssociation="607E791F-CB45-A6AD-D3C2-2A9A0CB58AA5" referredColumn="333362E4-386C-ED66-7F25-EEEFBB2FA515"/>
</associations>
</Column>
<Column name="PATROCINIO_ID_EVENTO" id="6E448B70-01FD-4116-3A11-7A4E61583223">
<createdBy>marco</createdBy>
<createdTime>2025-12-20 18:26:19 UTC</createdTime>
<ownerDesignName>TrabajoCudecaER</ownerDesignName>
<useDomainConstraints>false</useDomainConstraints>
<use>1</use>
<logicalDatatype>LOGDT019</logicalDatatype>
<dataTypePrecision>10</dataTypePrecision>
<ownDataTypeParameters>,,</ownDataTypeParameters>
<previousColumn>false</previousColumn>
<autoIncrementCycle>false</autoIncrementCycle>
<associations>
<colAssociation fkAssociation="607E791F-CB45-A6AD-D3C2-2A9A0CB58AA5" referredColumn="4BB3BB01-E34C-BA6C-FADD-DC8EF9A5591C"/>
</associations>
</Column>
</columns>
<indexes itemClass="oracle.dbtools.crest.model.design.relational.Index">
<ind_PK_UK id="693B1CB5-2A15-B1DF-2C1D-777EE6B1CACE" name="EVENTO_PTR_PK">
<createdBy>marco</createdBy>
<createdTime>2025-12-20 18:26:19 UTC</createdTime>
<ownerDesignName>TrabajoCudecaER</ownerDesignName>
<pk>true</pk>
<indexState>Primary Constraint</indexState>
<isSurrogateKey>false</isSurrogateKey>
<indexColumnUsage>
<colUsage columnID="9FB1F573-E6E9-A9B1-25C4-997E0C53229F"/>
<colUsage columnID="615E7FDA-4EB6-887C-7596-7053A45C6594"/>
<colUsage columnID="6E448B70-01FD-4116-3A11-7A4E61583223"/>
</indexColumnUsage>
</ind_PK_UK>
<ind_PK_UK id="EFB51B86-A5BE-47B8-B8D8-07341506E3F2" name="EVENTO_PTR_EVENTO_FK">
<createdBy>marco</createdBy>
<createdTime>2025-12-20 18:26:19 UTC</createdTime>
<generatorID>A76D2FC3-59F0-1E86-9919-83D9BF67DC98</generatorID>
<ownerDesignName>TrabajoCudecaER</ownerDesignName>
<indexState>Foreign Key</indexState>
<isSurrogateKey>false</isSurrogateKey>
<indexColumnUsage>
<colUsage columnID="9FB1F573-E6E9-A9B1-25C4-997E0C53229F"/>
</indexColumnUsage>
</ind_PK_UK>
<ind_PK_UK id="E7C37C16-6CB6-5F9A-CF31-6408A9C9447E" name="EVENTO_PTR_PATROCINIO_FK">
<createdBy>marco</createdBy>
<createdTime>2025-12-20 18:26:19 UTC</createdTime>
<generatorID>A76D2FC3-59F0-1E86-9919-83D9BF67DC98</generatorID>
<ownerDesignName>TrabajoCudecaER</ownerDesignName>
<indexState>Foreign Key</indexState>
<isSurrogateKey>false</isSurrogateKey>
<indexColumnUsage>
<colUsage columnID="615E7FDA-4EB6-887C-7596-7053A45C6594"/>
<colUsage columnID="6E448B70-01FD-4116-3A11-7A4E61583223"/>
</indexColumnUsage>
</ind_PK_UK>
</indexes>
</Table>