<?xml version = '1.0' encoding = 'UTF-8'?>
<Relation class="oracle.dbtools.crest.model.design.logical.Relation" name="CLIENTE_DONACION" directorySegmentName="seg_0" id="09DEF80B-B0CB-E2D3-976E-00B57B3B1DED">
<createdBy>Usuario</createdBy>
<createdTime>2025-11-21 16:05:56 UTC</createdTime>
<generatorID>B9A1627F-B2CC-C1B9-7FB4-7E732EAE990C</generatorID>
<ownerDesignName>TrabajoCudecaER</ownerDesignName>
<engineerTo>
<item key="79962930-823B-D1F3-840D-B2CF069E04A3" value="true"/>
</engineerTo>
<sourcePk>EFFAF832-D5E6-7445-6BD6-89D079A34F68</sourcePk>
<targetPk>AD1EBC51-58B9-485C-A1E9-D8286CA71C1C</targetPk>
<identifying>false</identifying>
<nameOnSource>DONA</nameOnSource>
<nameOnTarget>DONADO_POR</nameOnTarget>
<optionalSource>false</optionalSource>
<optionalTarget>true</optionalTarget>
<sourceCardinality>1</sourceCardinality>
<sourceEntity>9970768C-00C4-182D-9D37-5D3194690FF3</sourceEntity>
<targetCardinalityString>*</targetCardinalityString>
<targetEntity>719BC720-332B-9D55-51A3-F65780591177</targetEntity>
<transferable>true</transferable>
<deleteRule>NO ACTION</deleteRule>
</Relation>