<?xml version = '1.0' encoding = 'UTF-8'?>
<Relation class="oracle.dbtools.crest.model.design.logical.Relation" name="Relation_10" directorySegmentName="seg_0" id="13152778-849B-F948-44AB-A31C1E6BFC89">
<createdBy>fran</createdBy>
<createdTime>2025-12-20 16:04:31 UTC</createdTime>
<ownerDesignName>TrabajoCudecaER</ownerDesignName>
<engineerTo>
<item key="79962930-823B-D1F3-840D-B2CF069E04A3" value="true"/>
</engineerTo>
<sourcePk>AD1EBC51-58B9-485C-A1E9-D8286CA71C1C</sourcePk>
<targetPk>3CEACEAC-6950-20CE-9712-360137FF4072</targetPk>
<identifying>false</identifying>
<nameOnSource> </nameOnSource>
<nameOnTarget>DESTINADA_A</nameOnTarget>
<optionalSource>true</optionalSource>
<optionalTarget>true</optionalTarget>
<sourceCardinality>*</sourceCardinality>
<sourceEntity>719BC720-332B-9D55-51A3-F65780591177</sourceEntity>
<targetCardinalityString>1</targetCardinalityString>
<targetEntity>C0FFBA0F-39A0-0833-77A0-20A427F5E11C</targetEntity>
<transferable>true</transferable>
<deleteRule>NO ACTION</deleteRule>
</Relation>