<?xml version = '1.0' encoding = 'UTF-8'?>
<Relation class="oracle.dbtools.crest.model.design.logical.Relation" name="PTR_CLIENTE" directorySegmentName="seg_0" id="282E91CA-F6E8-0F41-211F-CFBFB8284951">
<createdBy>Usuario</createdBy>
<createdTime>2025-11-21 16:05:56 UTC</createdTime>
<generatorID>B74F99C7-2349-CBAB-0804-DED602532570</generatorID>
<ownerDesignName>TrabajoCudecaER</ownerDesignName>
<engineerTo>
<item key="79962930-823B-D1F3-840D-B2CF069E04A3" value="true"/>
</engineerTo>
<sourcePk>EFFAF832-D5E6-7445-6BD6-89D079A34F68</sourcePk>
<targetPk>A62743F6-3F4F-B8CD-DB44-2B13C1D45566</targetPk>
<identifying>false</identifying>
<nameOnSource>PATROCINADO_POR</nameOnSource>
<nameOnTarget>PATROCINA_A</nameOnTarget>
<optionalSource>true</optionalSource>
<optionalTarget>false</optionalTarget>
<sourceCardinality>*</sourceCardinality>
<sourceEntity>9970768C-00C4-182D-9D37-5D3194690FF3</sourceEntity>
<targetCardinalityString>*</targetCardinalityString>
<targetEntity>D60871E8-963A-BCEC-09D7-30AD567037C1</targetEntity>
<transferable>true</transferable>
<deleteRule>NO ACTION</deleteRule>
</Relation>