<?xml version = '1.0' encoding = 'UTF-8'?>
<Relation class="oracle.dbtools.crest.model.design.logical.Relation" name="EVENTO_TICKET" directorySegmentName="seg_0" id="A249E255-BC3B-9907-6F09-883D4CDC2D37">
<createdBy>Usuario</createdBy>
<createdTime>2025-11-21 16:05:56 UTC</createdTime>
<generatorID>E6DC9ED2-BC00-55C1-5F5E-5CD1FD5C56CF</generatorID>
<ownerDesignName>TrabajoCudecaER</ownerDesignName>
<engineerTo>
<item key="79962930-823B-D1F3-840D-B2CF069E04A3" value="true"/>
</engineerTo>
<sourcePk>3CEACEAC-6950-20CE-9712-360137FF4072</sourcePk>
<targetPk>E6D0034D-2025-B502-92E7-D4037E89D7D6</targetPk>
<identifying>false</identifying>
<nameOnSource> </nameOnSource>
<nameOnTarget>TICKET_PARA</nameOnTarget>
<optionalSource>false</optionalSource>
<optionalTarget>false</optionalTarget>
<sourceCardinality>1</sourceCardinality>
<sourceEntity>C0FFBA0F-39A0-0833-77A0-20A427F5E11C</sourceEntity>
<targetCardinalityString>*</targetCardinalityString>
<targetEntity>3D301162-A20F-3C43-8B3E-0A72E9659D94</targetEntity>
<transferable>true</transferable>
<deleteRule>NO ACTION</deleteRule>
</Relation>