<?xml version = '1.0' encoding = 'UTF-8'?>
<Relation class="oracle.dbtools.crest.model.design.logical.Relation" name="EVENTO_PTR" directorySegmentName="seg_0" id="A76D2FC3-59F0-1E86-9919-83D9BF67DC98">
<createdBy>Usuario</createdBy>
<createdTime>2025-11-21 16:05:56 UTC</createdTime>
<generatorID>29DDF39D-3525-C13D-490F-625C38E6B3CD</generatorID>
<ownerDesignName>TrabajoCudecaER</ownerDesignName>
<engineerTo>
<item key="79962930-823B-D1F3-840D-B2CF069E04A3" value="true"/>
</engineerTo>
<sourcePk>3CEACEAC-6950-20CE-9712-360137FF4072</sourcePk>
<targetPk>A62743F6-3F4F-B8CD-DB44-2B13C1D45566</targetPk>
<identifying>false</identifying>
<nameOnSource>PATROCINADO_POR</nameOnSource>
<nameOnTarget>PATROCINA_A</nameOnTarget>
<optionalSource>true</optionalSource>
<optionalTarget>true</optionalTarget>
<sourceCardinality>*</sourceCardinality>
<sourceEntity>C0FFBA0F-39A0-0833-77A0-20A427F5E11C</sourceEntity>
<targetCardinalityString>*</targetCardinalityString>
<targetEntity>D60871E8-963A-BCEC-09D7-30AD567037C1</targetEntity>
<transferable>true</transferable>
<deleteRule>NO ACTION</deleteRule>
</Relation>