<?xml version = '1.0' encoding = 'UTF-8'?>
<Relation class="oracle.dbtools.crest.model.design.logical.Relation" name="CLIENTE_EVENTO" directorySegmentName="seg_0" id="A8B30B5E-16E2-4FE9-CA7E-DADB094D4E4E">
<createdBy>Usuario</createdBy>
<createdTime>2025-11-21 16:05:56 UTC</createdTime>
<generatorID>C77120C5-21D2-6296-3A80-273FEBAEFA3E</generatorID>
<ownerDesignName>TrabajoCudecaER</ownerDesignName>
<engineerTo>
<item key="79962930-823B-D1F3-840D-B2CF069E04A3" value="true"/>
</engineerTo>
<sourcePk>EFFAF832-D5E6-7445-6BD6-89D079A34F68</sourcePk>
<targetPk>3CEACEAC-6950-20CE-9712-360137FF4072</targetPk>
<identifying>false</identifying>
<nameOnSource>PARTICIPA</nameOnSource>
<nameOnTarget>PARTICIPADO_POR</nameOnTarget>
<optionalSource>true</optionalSource>
<optionalTarget>true</optionalTarget>
<sourceCardinality>*</sourceCardinality>
<sourceEntity>9970768C-00C4-182D-9D37-5D3194690FF3</sourceEntity>
<targetCardinalityString>*</targetCardinalityString>
<targetEntity>C0FFBA0F-39A0-0833-77A0-20A427F5E11C</targetEntity>
<transferable>true</transferable>
<deleteRule>NO ACTION</deleteRule>
</Relation>