<?xml version = '1.0' encoding = 'UTF-8'?>
<Relation class="oracle.dbtools.crest.model.design.logical.Relation" name="CLIENTE_VENTA" directorySegmentName="seg_0" id="BA8DA107-465E-3841-6CB8-A8AABFB41C4D">
<createdBy>fran</createdBy>
<createdTime>2025-12-20 16:15:32 UTC</createdTime>
<ownerDesignName>TrabajoCudecaER</ownerDesignName>
<engineerTo>
<item key="79962930-823B-D1F3-840D-B2CF069E04A3" value="true"/>
</engineerTo>
<sourcePk>C5BB9FD4-3A9D-B2A4-BEF9-DE6B4020333D</sourcePk>
<targetPk>EFFAF832-D5E6-7445-6BD6-89D079A34F68</targetPk>
<identifying>false</identifying>
<nameOnSource>REALIZADA_POR</nameOnSource>
<nameOnTarget>REALIZADA</nameOnTarget>
<optionalSource>false</optionalSource>
<optionalTarget>true</optionalTarget>
<sourceCardinality>1</sourceCardinality>
<sourceEntity>89031D90-6EFF-6701-BFE6-BF2CB8D66BC2</sourceEntity>
<targetCardinalityString>*</targetCardinalityString>
<targetEntity>9970768C-00C4-182D-9D37-5D3194690FF3</targetEntity>
<transferable>true</transferable>
<deleteRule>NO ACTION</deleteRule>
</Relation>