<?xml version = '1.0' encoding = 'UTF-8'?>
<Relation class="oracle.dbtools.crest.model.design.logical.Relation" name="RECAUDACION_EVENTO" directorySegmentName="seg_0" id="DF3B8E85-D01B-49BB-5C2A-2198270CC6E1">
<createdBy>Usuario</createdBy>
<createdTime>2025-11-21 19:26:05 UTC</createdTime>
<ownerDesignName>TrabajoCudecaER</ownerDesignName>
<engineerTo>
<item key="79962930-823B-D1F3-840D-B2CF069E04A3" value="true"/>
</engineerTo>
<sourcePk>D029D9C1-D962-5A20-3F43-ED3A30B6CD8C</sourcePk>
<targetPk>3CEACEAC-6950-20CE-9712-360137FF4072</targetPk>
<identifying>false</identifying>
<nameOnSource> ES_GENERADO</nameOnSource>
<nameOnTarget>GENERA</nameOnTarget>
<optionalSource>false</optionalSource>
<optionalTarget>true</optionalTarget>
<sourceCardinality>1</sourceCardinality>
<sourceEntity>62CF9679-3079-8AB1-11E8-BBCD5FBC4FB7</sourceEntity>
<targetCardinalityString>1</targetCardinalityString>
<targetEntity>C0FFBA0F-39A0-0833-77A0-20A427F5E11C</targetEntity>
<transferable>true</transferable>
<deleteRule>NO ACTION</deleteRule>
</Relation>