<?xml version = '1.0' encoding = 'UTF-8'?>
<Relation class="oracle.dbtools.crest.model.design.logical.Relation" name="VENTA_TICKET" directorySegmentName="seg_0" id="FAD3E2BF-FDBD-A862-C6C3-8A1AADAFFCE5">
<createdBy>Usuario</createdBy>
<createdTime>2025-11-21 17:07:34 UTC</createdTime>
<ownerDesignName>TrabajoCudecaER</ownerDesignName>
<engineerTo>
<item key="79962930-823B-D1F3-840D-B2CF069E04A3" value="true"/>
</engineerTo>
<sourcePk>C5BB9FD4-3A9D-B2A4-BEF9-DE6B4020333D</sourcePk>
<targetPk>E6D0034D-2025-B502-92E7-D4037E89D7D6</targetPk>
<identifying>false</identifying>
<nameOnSource>GENERADO</nameOnSource>
<nameOnTarget>GENERADO_POR</nameOnTarget>
<optionalSource>false</optionalSource>
<optionalTarget>false</optionalTarget>
<sourceCardinality>1</sourceCardinality>
<sourceEntity>89031D90-6EFF-6701-BFE6-BF2CB8D66BC2</sourceEntity>
<targetCardinalityString>*</targetCardinalityString>
<targetEntity>3D301162-A20F-3C43-8B3E-0A72E9659D94</targetEntity>
<transferable>true</transferable>
<deleteRule>NO ACTION</deleteRule>
</Relation>