<?xml version = '1.0' encoding = 'UTF-8'?>
<FKArc class="oracle.dbtools.crest.model.design.relational.FKArc" directorySegmentName="seg_0" id="62FA207E-C2AD-3C31-4C65-335BEC0BFF47" name="FKArc_17">
<createdBy>marco</createdBy>
<createdTime>2025-12-20 18:26:19 UTC</createdTime>
<ownerDesignName>TrabajoCudecaER</ownerDesignName>
<mandatory>true</mandatory>
<table>761F1E65-B3E8-13EA-534A-BD57778FE27F</table>
<fkeys>
<fkeyID>50E50CAA-4F77-5C93-C815-A1C7B4902BC5</fkeyID>
<fkeyID>A739C477-D651-FFBD-45F7-B07C44A35D32</fkeyID>
</fkeys>
</FKArc>