<?xml version = '1.0' encoding = 'UTF-8'?>
<FKArc class="oracle.dbtools.crest.model.design.relational.FKArc" directorySegmentName="seg_0" id="6D7376D1-8146-9106-E0A6-04506C2691FF" name="FKArc_18">
<createdBy>marco</createdBy>
<createdTime>2025-12-20 18:26:19 UTC</createdTime>
<ownerDesignName>TrabajoCudecaER</ownerDesignName>
<mandatory>true</mandatory>
<table>2300B63D-C734-9F41-34AE-0EFE75E4B1EE</table>
<fkeys>
<fkeyID>E43D739F-CD48-17F6-34A5-71EF8B3ED223</fkeyID>
<fkeyID>F19928AC-73F7-BEA6-697B-AF13B3EBF8E7</fkeyID>
</fkeys>
</FKArc>