<?xml version = '1.0' encoding = 'UTF-8'?>
<FKArc class="oracle.dbtools.crest.model.design.relational.FKArc" directorySegmentName="seg_0" id="BD99E518-3600-C063-E969-216504906237" name="FKArc_16">
<createdBy>marco</createdBy>
<createdTime>2025-12-20 18:26:19 UTC</createdTime>
<ownerDesignName>TrabajoCudecaER</ownerDesignName>
<mandatory>true</mandatory>
<table>240096A0-DB64-5E66-0100-2FB542B3CA53</table>
<fkeys>
<fkeyID>040512DD-1118-B205-39D8-7C2399C43F32</fkeyID>
<fkeyID>BB27467C-4664-711E-6E87-56F5F9B93CCE</fkeyID>
</fkeys>
</FKArc>